game_id,home,away,api_n,shift_n,diff,abs_diff,error_pct,status
2025020001,FLA,CHI,99,100,-1,1,0.010101010101010102,OK
2025020002,NYR,PIT,112,114,-2,2,0.017857142857142856,OK
2025020003,LAK,COL,87,88,-1,1,0.011494252873563218,OK
2025020004,TOR,MTL,96,98,-2,2,0.020833333333333332,OK
2025020005,WSH,BOS,102,104,-2,2,0.0196078431372549,OK
2025020006,EDM,CGY,85,88,-3,3,0.03529411764705882,OK
2025020007,VGK,LAK,90,92,-2,2,0.022222222222222223,OK
2025020008,BOS,CHI,84,85,-1,1,0.011904761904761904,OK
2025020009,BUF,NYR,91,92,-1,1,0.01098901098901099,OK
2025020010,DET,MTL,77,36,41,41,0.5324675324675324,OK
2025020011,TBL,OTT,92,96,-4,4,0.043478260869565216,OK
2025020012,FLA,PHI,75,76,-1,1,0.013333333333333334,OK
2025020013,PIT,NYI,92,93,-1,1,0.010869565217391304,OK
2025020014,CAR,NJD,95,97,-2,2,0.021052631578947368,OK
2025020015,STL,MIN,98,99,-1,1,0.01020408163265306,OK
2025020016,NSH,CBJ,103,104,-1,1,0.009708737864077669,OK
2025020017,WPG,DAL,74,76,-2,2,0.02702702702702703,OK
2025020018,COL,UTA,105,107,-2,2,0.01904761904761905,OK
2025020019,VAN,CGY,72,72,0,0,0.0,OK
2025020020,SJS,VGK,83,85,-2,2,0.024096385542168676,OK
2025020021,SEA,ANA,121,121,0,0,0.0,OK
2025020022,WPG,LAK,82,83,-1,1,0.012195121951219513,OK
2025020023,CGY,STL,83,85,-2,2,0.024096385542168676,OK
2025020024,BOS,BUF,78,80,-2,2,0.02564102564102564,OK
2025020025,DET,TOR,92,96,-4,4,0.043478260869565216,OK
2025020026,TBL,NJD,81,81,0,0,0.0,OK
2025020027,FLA,OTT,82,84,-2,2,0.024390243902439025,OK
2025020028,NYI,WSH,106,107,-1,1,0.009433962264150943,OK
2025020029,PIT,NYR,80,82,-2,2,0.025,OK
2025020030,CAR,PHI,99,101,-2,2,0.020202020202020204,OK
2025020031,CHI,MTL,66,69,-3,3,0.045454545454545456,OK
2025020032,NSH,UTA,64,64,0,0,0.0,OK
2025020033,MIN,CBJ,102,106,-4,4,0.0392156862745098,OK
2025020034,COL,DAL,93,94,-1,1,0.010752688172043012,OK
2025020035,EDM,VAN,72,72,0,0,0.0,OK
2025020036,SJS,ANA,97,100,-3,3,0.030927835051546393,OK
2025020037,SEA,VGK,89,91,-2,2,0.02247191011235955,OK
2025020038,NYR,WSH,107,107,0,0,0.0,OK
2025020039,BUF,COL,94,94,0,0,0.0,OK
2025020040,BOS,TBL,90,90,0,0,0.0,OK
2025020041,OTT,NSH,86,89,-3,3,0.03488372093023256,OK
2025020042,NYI,WPG,87,89,-2,2,0.022988505747126436,OK
2025020043,TOR,DET,89,90,-1,1,0.011235955056179775,OK
2025020044,PHI,FLA,62,65,-3,3,0.04838709677419355,OK
2025020045,CBJ,NJD,97,28,69,69,0.711340206185567,OK
2025020046,VAN,STL,113,115,-2,2,0.017699115044247787,OK
2025020047,MIN,LAK,72,76,-4,4,0.05555555555555555,OK
2025020048,CHI,UTA,72,74,-2,2,0.027777777777777776,OK
2025020049,TOR,NSH,107,110,-3,3,0.028037383177570093,OK
2025020050,MTL,SEA,88,89,-1,1,0.011363636363636364,OK
2025020051,NYR,EDM,100,101,-1,1,0.01,OK
2025020052,WSH,TBL,84,86,-2,2,0.023809523809523808,OK
2025020053,CGY,VGK,109,51,58,58,0.5321100917431193,OK
2025020054,DAL,MIN,92,98,-6,6,0.06521739130434782,OK
2025020055,SJS,CAR,96,96,0,0,0.0,OK
2025020056,ANA,PIT,99,101,-2,2,0.020202020202020204,OK
2025020057,BUF,OTT,84,88,-4,4,0.047619047619047616,OK
2025020058,DET,FLA,93,95,-2,2,0.021505376344086023,OK
2025020059,STL,CHI,102,77,25,25,0.24509803921568626,OK
2025020060,UTA,CGY,77,79,-2,2,0.025974025974025976,OK
2025020061,TOR,NYR,80,81,-1,1,0.0125,OK
2025020062,MTL,NSH,76,78,-2,2,0.02631578947368421,OK
2025020063,OTT,SEA,104,107,-3,3,0.028846153846153848,OK
2025020064,NJD,FLA,90,91,-1,1,0.011111111111111112,OK
2025020065,NYI,EDM,87,90,-3,3,0.034482758620689655,OK
2025020066,PHI,WPG,60,63,-3,3,0.05,OK
2025020067,CBJ,COL,118,119,-1,1,0.00847457627118644,OK
2025020068,DAL,VAN,98,102,-4,4,0.04081632653061224,OK
2025020069,VGK,BOS,111,114,-3,3,0.02702702702702703,OK
2025020070,ANA,CAR,99,100,-1,1,0.010101010101010102,OK
2025020071,LAK,PIT,91,93,-2,2,0.02197802197802198,OK
2025020072,DET,TBL,111,111,0,0,0.0,OK
2025020073,WSH,MIN,94,95,-1,1,0.010638297872340425,OK
2025020074,CHI,VAN,80,82,-2,2,0.025,OK
2025020075,UTA,SJS,73,75,-2,2,0.0273972602739726,OK
2025020076,BUF,FLA,95,97,-2,2,0.021052631578947368,OK
2025020077,OTT,NYI,92,94,-2,2,0.021739130434782608,OK
2025020078,NJD,EDM,86,90,-4,4,0.046511627906976744,OK
2025020079,TOR,SEA,95,97,-2,2,0.021052631578947368,OK
2025020080,MTL,NYR,79,81,-2,2,0.02531645569620253,OK
2025020081,PHI,MIN,89,89,0,0,0.0,OK
2025020082,CBJ,TBL,98,99,-1,1,0.01020408163265306,OK
2025020083,STL,DAL,74,75,-1,1,0.013513513513513514,OK
2025020084,WPG,NSH,98,100,-2,2,0.02040816326530612,OK
2025020085,COL,BOS,105,106,-1,1,0.009523809523809525,OK
2025020086,LAK,CAR,123,124,-1,1,0.008130081300813009,OK
2025020087,VGK,CGY,103,62,41,41,0.39805825242718446,OK
2025020088,SJS,PIT,106,107,-1,1,0.009433962264150943,OK
2025020089,WSH,VAN,86,89,-3,3,0.03488372093023256,OK
2025020090,DET,EDM,99,100,-1,1,0.010101010101010102,OK
2025020091,CHI,ANA,97,98,-1,1,0.010309278350515464,OK
2025020092,UTA,BOS,86,89,-3,3,0.03488372093023256,OK
2025020093,NYR,MIN,116,118,-2,2,0.017241379310344827,OK
2025020094,PHI,SEA,71,39,32,32,0.4507042253521127,OK
2025020095,MTL,BUF,110,112,-2,2,0.01818181818181818,OK
2025020096,CGY,WPG,73,75,-2,2,0.0273972602739726,OK
2025020097,VGK,CAR,96,78,18,18,0.1875,OK
2025020098,TOR,NJD,92,94,-2,2,0.021739130434782608,OK
2025020099,OTT,EDM,73,75,-2,2,0.0273972602739726,OK
2025020100,NYI,SJS,86,88,-2,2,0.023255813953488372,OK
2025020101,PIT,VAN,101,103,-2,2,0.019801980198019802,OK
2025020102,WSH,SEA,105,107,-2,2,0.01904761904761905,OK
2025020103,BOS,FLA,84,87,-3,3,0.03571428571428571,OK
2025020104,STL,LAK,79,80,-1,1,0.012658227848101266,OK
2025020105,NSH,ANA,99,100,-1,1,0.010101010101010102,OK
2025020106,DAL,CBJ,85,88,-3,3,0.03529411764705882,OK
2025020107,UTA,COL,105,106,-1,1,0.009523809523809525,OK
2025020108,NJD,MIN,119,121,-2,2,0.01680672268907563,OK
2025020109,BUF,DET,104,105,-1,1,0.009615384615384616,OK
2025020110,CGY,MTL,94,95,-1,1,0.010638297872340425,OK
2025020111,BOS,ANA,131,135,-4,4,0.030534351145038167,OK
2025020112,OTT,PHI,73,73,0,0,0.0,OK
2025020113,TBL,CHI,96,97,-1,1,0.010416666666666666,OK
2025020114,FLA,PIT,99,103,-4,4,0.04040404040404041,OK
2025020115,NYI,DET,95,96,-1,1,0.010526315789473684,OK
2025020116,NYR,SJS,78,81,-3,3,0.038461538461538464,OK
2025020117,STL,UTA,60,53,7,7,0.11666666666666667,OK
2025020118,NSH,VAN,89,52,37,37,0.4157303370786517,OK
2025020119,DAL,LAK,84,86,-2,2,0.023809523809523808,OK
2025020120,WPG,SEA,105,107,-2,2,0.01904761904761905,OK
2025020121,COL,CAR,85,55,30,30,0.35294117647058826,OK
2025020122,EDM,MTL,102,103,-1,1,0.00980392156862745,OK
2025020123,BUF,TOR,96,97,-1,1,0.010416666666666666,OK
2025020124,NJD,SJS,70,74,-4,4,0.05714285714285714,OK
2025020125,CBJ,WSH,90,90,0,0,0.0,OK
2025020126,WPG,CGY,69,73,-4,4,0.057971014492753624,OK
2025020127,PHI,NYI,87,88,-1,1,0.011494252873563218,OK
2025020128,BOS,COL,96,96,0,0,0.0,OK
2025020129,TBL,ANA,101,102,-1,1,0.009900990099009901,OK
2025020130,FLA,VGK,109,109,0,0,0.0,OK
2025020131,MIN,UTA,108,111,-3,3,0.027777777777777776,OK
2025020132,TOR,BUF,79,80,-1,1,0.012658227848101266,OK
2025020133,DET,STL,99,103,-4,4,0.04040404040404041,OK
2025020134,PIT,CBJ,106,108,-2,2,0.018867924528301886,OK
2025020135,WSH,OTT,92,95,-3,3,0.03260869565217391,OK
2025020136,VAN,MTL,99,103,-4,4,0.04040404040404041,OK
2025020137,NSH,LAK,98,98,0,0,0.0,OK
2025020138,DAL,CAR,100,101,-1,1,0.01,OK
2025020139,SEA,EDM,102,103,-1,1,0.00980392156862745,OK
2025020140,NJD,COL,121,121,0,0,0.0,OK
2025020141,TBL,VGK,78,79,-1,1,0.01282051282051282,OK
2025020142,MIN,SJS,88,92,-4,4,0.045454545454545456,OK
2025020143,WPG,UTA,95,96,-1,1,0.010526315789473684,OK
2025020144,CHI,LAK,80,81,-1,1,0.0125,OK
2025020145,NSH,DAL,78,80,-2,2,0.02564102564102564,OK
2025020146,CGY,NYR,122,122,0,0,0.0,OK
2025020147,VAN,EDM,99,101,-2,2,0.020202020202020204,OK
2025020148,PIT,STL,97,99,-2,2,0.020618556701030927,OK
2025020149,OTT,BOS,102,106,-4,4,0.0392156862745098,OK
2025020150,PHI,PIT,91,92,-1,1,0.01098901098901099,OK
2025020151,TOR,CGY,87,88,-1,1,0.011494252873563218,OK
2025020152,BUF,CBJ,134,135,-1,1,0.007462686567164179,OK
2025020153,FLA,ANA,79,80,-1,1,0.012658227848101266,OK
2025020154,BOS,NYI,74,78,-4,4,0.05405405405405406,OK
2025020155,CAR,VGK,97,100,-3,3,0.030927835051546393,OK
2025020156,NSH,TBL,58,61,-3,3,0.05172413793103448,OK
2025020157,MIN,WPG,112,113,-1,1,0.008928571428571428,OK
2025020158,STL,DET,80,82,-2,2,0.025,OK
2025020159,DAL,WSH,78,79,-1,1,0.01282051282051282,OK
2025020160,CHI,OTT,99,100,-1,1,0.010101010101010102,OK
2025020161,COL,NJD,100,103,-3,3,0.03,OK
2025020162,EDM,UTA,91,92,-1,1,0.01098901098901099,OK
2025020163,VAN,NYR,80,82,-2,2,0.025,OK
2025020164,SEA,MTL,63,67,-4,4,0.06349206349206349,OK
2025020165,SJS,LAK,79,79,0,0,0.0,OK
2025020166,CBJ,TOR,121,121,0,0,0.0,OK
2025020167,BOS,BUF,94,96,-2,2,0.02127659574468085,OK
2025020168,OTT,CGY,77,78,-1,1,0.012987012987012988,OK
2025020169,TBL,DAL,86,87,-1,1,0.011627906976744186,OK
2025020170,PHI,NSH,95,97,-2,2,0.021052631578947368,OK
2025020171,CAR,NYI,93,94,-1,1,0.010752688172043012,OK
2025020172,STL,VAN,88,91,-3,3,0.03409090909090909,OK
2025020173,MIN,PIT,103,105,-2,2,0.019417475728155338,OK
2025020174,WPG,CHI,92,93,-1,1,0.010869565217391304,OK
2025020175,EDM,NYR,100,101,-1,1,0.01,OK
2025020176,SJS,NJD,101,103,-2,2,0.019801980198019802,OK
2025020177,LAK,DET,107,111,-4,4,0.037383177570093455,OK
2025020178,VGK,COL,95,96,-1,1,0.010526315789473684,OK
2025020179,WSH,NYI,75,76,-1,1,0.013333333333333334,OK
2025020180,ANA,DET,77,80,-3,3,0.03896103896103896,OK
2025020181,BOS,CAR,102,103,-1,1,0.00980392156862745,OK
2025020182,WPG,PIT,109,111,-2,2,0.01834862385321101,OK
2025020183,NSH,CGY,99,61,38,38,0.3838383838383838,OK
2025020184,SJS,COL,98,98,0,0,0.0,OK
2025020185,FLA,DAL,86,87,-1,1,0.011627906976744186,OK
2025020186,BUF,WSH,81,81,0,0,0.0,OK
2025020187,MTL,OTT,87,89,-2,2,0.022988505747126436,OK
2025020188,PHI,TOR,85,50,35,35,0.4117647058823529,OK
2025020189,CBJ,STL,105,106,-1,1,0.009523809523809525,OK
2025020190,MIN,VAN,94,96,-2,2,0.02127659574468085,OK
2025020191,LAK,NJD,117,117,0,0,0.0,OK
2025020192,EDM,CHI,101,105,-4,4,0.039603960396039604,OK
2025020193,SEA,NYR,84,85,-1,1,0.011904761904761904,OK
2025020194,UTA,TBL,81,82,-1,1,0.012345679012345678,OK
2025020195,NYI,CBJ,97,99,-2,2,0.020618556701030927,OK
2025020196,PHI,CGY,83,83,0,0,0.0,OK
2025020197,ANA,NJD,119,121,-2,2,0.01680672268907563,OK
2025020198,SJS,DET,96,96,0,0,0.0,OK
2025020199,TOR,PIT,93,94,-1,1,0.010752688172043012,OK
2025020200,STL,EDM,100,102,-2,2,0.02,OK
2025020201,NSH,VAN,94,99,-5,5,0.05319148936170213,OK
2025020202,SEA,CHI,85,87,-2,2,0.023529411764705882,OK
2025020203,BUF,UTA,94,94,0,0,0.0,OK
2025020204,MTL,PHI,82,85,-3,3,0.036585365853658534,OK
2025020205,NYI,BOS,87,88,-1,1,0.011494252873563218,OK
2025020206,NYR,CAR,92,94,-2,2,0.021739130434782608,OK
2025020207,DAL,EDM,79,81,-2,2,0.02531645569620253,OK
2025020208,MIN,NSH,100,103,-3,3,0.03,OK
2025020209,COL,TBL,90,91,-1,1,0.011111111111111112,OK
2025020210,VGK,DET,115,115,0,0,0.0,OK
2025020211,ANA,FLA,88,90,-2,2,0.022727272727272728,OK
2025020212,LAK,WPG,67,70,-3,3,0.04477611940298507,OK
2025020213,TOR,UTA,71,72,-1,1,0.014084507042253521,OK
2025020214,WSH,STL,101,102,-1,1,0.009900990099009901,OK
2025020215,CGY,CBJ,93,94,-1,1,0.010752688172043012,OK
2025020216,VAN,CHI,118,121,-3,3,0.025423728813559324,OK
2025020217,SEA,SJS,70,40,30,30,0.42857142857142855,OK
2025020218,BOS,OTT,80,80,0,0,0.0,OK
2025020219,BUF,STL,81,82,-1,1,0.012345679012345678,OK
2025020220,NJD,MTL,74,75,-1,1,0.013513513513513514,OK
2025020221,PIT,WSH,99,104,-5,5,0.050505050505050504,OK
2025020222,CAR,MIN,99,100,-1,1,0.010101010101010102,OK
2025020223,NSH,PHI,97,98,-1,1,0.010309278350515464,OK
2025020224,DAL,ANA,72,79,-7,7,0.09722222222222222,OK
2025020225,VGK,TBL,92,95,-3,3,0.03260869565217391,OK
2025020226,LAK,FLA,85,86,-1,1,0.011764705882352941,OK
2025020227,DET,NYR,95,96,-1,1,0.010526315789473684,OK
2025020228,NYI,MIN,92,92,0,0,0.0,OK
2025020229,CGY,CHI,89,90,-1,1,0.011235955056179775,OK
2025020230,SJS,WPG,91,91,0,0,0.0,OK
2025020231,NJD,PIT,96,96,0,0,0.0,OK
2025020232,PHI,OTT,77,77,0,0,0.0,OK
2025020233,NSH,DAL,62,64,-2,2,0.03225806451612903,OK
2025020234,TOR,BOS,104,52,52,52,0.5,OK
2025020235,MTL,UTA,92,92,0,0,0.0,OK
2025020236,TBL,WSH,94,90,4,4,0.0425531914893617,OK
2025020237,NYR,NYI,91,93,-2,2,0.02197802197802198,OK
2025020238,CAR,BUF,94,97,-3,3,0.031914893617021274,OK
2025020239,STL,SEA,92,95,-3,3,0.03260869565217391,OK
2025020240,EDM,COL,81,47,34,34,0.41975308641975306,OK
2025020241,VAN,CBJ,96,53,43,43,0.4479166666666667,OK
2025020242,VGK,ANA,113,115,-2,2,0.017699115044247787,OK
2025020243,SJS,FLA,82,83,-1,1,0.012195121951219513,OK
2025020244,DET,CHI,96,100,-4,4,0.041666666666666664,OK
2025020245,PIT,LAK,93,95,-2,2,0.021505376344086023,OK
2025020246,TOR,CAR,93,95,-2,2,0.021505376344086023,OK
2025020247,OTT,UTA,88,88,0,0,0.0,OK
2025020248,DAL,SEA,85,86,-1,1,0.011764705882352941,OK
2025020249,MIN,CGY,97,98,-1,1,0.010309278350515464,OK
2025020250,VAN,COL,103,106,-3,3,0.02912621359223301,OK
2025020251,ANA,WPG,97,99,-2,2,0.020618556701030927,OK
2025020252,NJD,NYI,83,86,-3,3,0.03614457831325301,OK
2025020253,NYR,NSH,75,46,29,29,0.38666666666666666,OK
2025020254,EDM,CBJ,95,95,0,0,0.0,OK
2025020255,VGK,FLA,88,89,-1,1,0.011363636363636364,OK
2025020256,BOS,TOR,85,64,21,21,0.24705882352941178,OK
2025020257,MTL,LAK,96,98,-2,2,0.020833333333333332,OK
2025020258,OTT,DAL,83,84,-1,1,0.012048192771084338,OK
2025020259,CAR,WSH,80,76,4,4,0.05,OK
2025020260,STL,CGY,96,98,-2,2,0.020833333333333332,OK
2025020261,MIN,SJS,88,90,-2,2,0.022727272727272728,OK
2025020262,COL,ANA,104,106,-2,2,0.019230769230769232,OK
2025020263,VAN,WPG,104,68,36,36,0.34615384615384615,OK
2025020264,SEA,CBJ,96,97,-1,1,0.010416666666666666,OK
2025020265,TBL,NYR,95,55,40,40,0.42105263157894735,OK
2025020266,PHI,EDM,82,83,-1,1,0.012195121951219513,OK
2025020267,UTA,BUF,99,100,-1,1,0.010101010101010102,OK
2025020268,CHI,NJD,93,93,0,0,0.0,OK
2025020269,TOR,LAK,103,103,0,0,0.0,OK
2025020270,MTL,DAL,77,37,40,40,0.5194805194805194,OK
2025020271,OTT,BOS,81,84,-3,3,0.037037037037037035,OK
2025020272,DET,ANA,90,53,37,37,0.4111111111111111,OK
2025020273,FLA,WSH,115,118,-3,3,0.02608695652173913,OK
2025020274,CBJ,EDM,88,88,0,0,0.0,OK
2025020275,COL,BUF,97,88,9,9,0.09278350515463918,OK
2025020276,CGY,SJS,96,97,-1,1,0.010416666666666666,OK
2025020277,VGK,NYI,71,74,-3,3,0.04225352112676056,OK
2025020278,SEA,WPG,75,78,-3,3,0.04,OK
2025020279,CAR,VAN,110,112,-2,2,0.01818181818181818,OK
2025020280,STL,PHI,84,84,0,0,0.0,OK
2025020281,NSH,PIT,93,94,-1,1,0.010752688172043012,OK
2025020282,UTA,NYI,84,84,0,0,0.0,OK
2025020283,FLA,TBL,68,70,-2,2,0.029411764705882353,OK
2025020284,MIN,ANA,73,74,-1,1,0.0136986301369863,OK
2025020285,MTL,BOS,76,78,-2,2,0.02631578947368421,OK
2025020286,OTT,LAK,81,81,0,0,0.0,OK
2025020287,DET,BUF,81,82,-1,1,0.012345679012345678,OK
2025020288,WSH,NJD,108,109,-1,1,0.009259259259259259,OK
2025020289,CAR,EDM,109,110,-1,1,0.009174311926605505,OK
2025020290,CBJ,NYR,109,112,-3,3,0.027522935779816515,OK
2025020291,CHI,TOR,99,99,0,0,0.0,OK
2025020292,STL,VGK,102,103,-1,1,0.00980392156862745,OK
2025020293,DAL,PHI,93,95,-2,2,0.021505376344086023,OK
2025020294,CGY,WPG,110,112,-2,2,0.01818181818181818,OK
2025020295,SEA,SJS,97,58,39,39,0.4020618556701031,OK
2025020296,PIT,NSH,82,83,-1,1,0.012195121951219513,OK
2025020297,TBL,VAN,79,82,-3,3,0.0379746835443038,OK
2025020298,MIN,VGK,77,79,-2,2,0.025974025974025976,OK
2025020299,NYR,DET,93,95,-2,2,0.021505376344086023,OK
2025020300,COL,NYI,86,87,-1,1,0.011627906976744186,OK
2025020301,BOS,CAR,102,103,-1,1,0.00980392156862745,OK
2025020302,BUF,EDM,116,118,-2,2,0.017241379310344827,OK
2025020303,FLA,VAN,88,49,39,39,0.4431818181818182,OK
2025020304,WSH,LAK,100,101,-1,1,0.01,OK
2025020305,CBJ,MTL,90,92,-2,2,0.022222222222222223,OK
2025020306,ANA,UTA,87,88,-1,1,0.011494252873563218,OK
2025020307,TOR,STL,87,88,-1,1,0.011494252873563218,OK
2025020308,DET,SEA,86,89,-3,3,0.03488372093023256,OK
2025020309,TBL,NJD,82,84,-2,2,0.024390243902439025,OK
2025020310,DAL,NYI,81,80,1,1,0.012345679012345678,OK
2025020311,WPG,CBJ,100,101,-1,1,0.01,OK
2025020312,CHI,CGY,77,79,-2,2,0.025974025974025976,OK
2025020313,VGK,NYR,90,93,-3,3,0.03333333333333333,OK
2025020314,SJS,UTA,87,87,0,0,0.0,OK
2025020315,WSH,EDM,100,103,-3,3,0.03,OK
2025020316,BUF,CGY,117,117,0,0,0.0,OK
2025020317,MIN,CAR,106,107,-1,1,0.009433962264150943,OK
2025020318,ANA,BOS,126,129,-3,3,0.023809523809523808,OK
2025020319,TOR,CBJ,105,105,0,0,0.0,OK
2025020320,MTL,WSH,102,65,37,37,0.3627450980392157,OK
2025020321,DET,NYI,89,89,0,0,0.0,OK
2025020322,TBL,EDM,92,92,0,0,0.0,OK
2025020323,FLA,NJD,98,98,0,0,0.0,OK
2025020324,PHI,STL,97,98,-1,1,0.010309278350515464,OK
2025020325,CHI,SEA,79,81,-2,2,0.02531645569620253,OK
2025020326,COL,NYR,90,95,-5,5,0.05555555555555555,OK
2025020327,UTA,VGK,92,92,0,0,0.0,OK
2025020328,VAN,DAL,82,84,-2,2,0.024390243902439025,OK
2025020329,ANA,OTT,92,93,-1,1,0.010869565217391304,OK
2025020330,SJS,LAK,84,86,-2,2,0.023809523809523808,OK
2025020331,BUF,CHI,94,96,-2,2,0.02127659574468085,OK
2025020332,PIT,MIN,87,61,26,26,0.2988505747126437,OK
2025020333,WPG,CAR,87,90,-3,3,0.034482758620689655,OK
2025020334,LAK,BOS,108,108,0,0,0.0,OK
2025020335,DET,CBJ,114,114,0,0,0.0,OK
2025020336,NYI,STL,95,96,-1,1,0.010526315789473684,OK
2025020337,MTL,TOR,87,89,-2,2,0.022988505747126436,OK
2025020338,FLA,EDM,120,123,-3,3,0.025,OK
2025020339,PHI,NJD,90,92,-2,2,0.022222222222222223,OK
2025020340,PIT,SEA,86,87,-1,1,0.011627906976744186,OK
2025020341,WSH,TBL,83,53,30,30,0.3614457831325301,OK
2025020342,SJS,OTT,70,72,-2,2,0.02857142857142857,OK
2025020343,NSH,COL,105,107,-2,2,0.01904761904761905,OK
2025020344,UTA,NYR,99,99,0,0,0.0,OK
2025020345,CGY,DAL,87,63,24,24,0.27586206896551724,OK
2025020346,ANA,VGK,102,104,-2,2,0.0196078431372549,OK
2025020347,BUF,CAR,90,93,-3,3,0.03333333333333333,OK
2025020348,WPG,MIN,94,94,0,0,0.0,OK
2025020349,NYI,SEA,116,116,0,0,0.0,OK
2025020350,CHI,COL,91,91,0,0,0.0,OK
2025020351,SJS,BOS,84,86,-2,2,0.023809523809523808,OK
2025020352,VAN,CGY,78,44,34,34,0.4358974358974359,OK
2025020353,TBL,PHI,77,78,-1,1,0.012987012987012988,OK
2025020354,NJD,DET,107,108,-1,1,0.009345794392523364,OK
2025020355,NYR,STL,88,88,0,0,0.0,OK
2025020356,WSH,CBJ,93,94,-1,1,0.010752688172043012,OK
2025020357,NSH,FLA,91,43,48,48,0.5274725274725275,OK
2025020358,UTA,VGK,95,96,-1,1,0.010526315789473684,OK
2025020359,LAK,OTT,86,87,-1,1,0.011627906976744186,OK
2025020360,EDM,DAL,86,55,31,31,0.36046511627906974,OK
2025020361,DET,NSH,86,90,-4,4,0.046511627906976744,OK
2025020362,TBL,CGY,95,89,6,6,0.06315789473684211,OK
2025020363,FLA,PHI,101,101,0,0,0.0,OK
2025020364,NJD,STL,79,81,-2,2,0.02531645569620253,OK
2025020365,NYI,BOS,83,83,0,0,0.0,OK
2025020366,PIT,BUF,95,96,-1,1,0.010526315789473684,OK
2025020367,WSH,WPG,106,107,-1,1,0.009433962264150943,OK
2025020368,CAR,NYR,93,95,-2,2,0.021505376344086023,OK
2025020369,CBJ,TOR,90,91,-1,1,0.011111111111111112,OK
2025020370,CHI,MIN,93,93,0,0,0.0,OK
2025020371,COL,SJS,100,101,-1,1,0.01,OK
2025020372,UTA,MTL,87,90,-3,3,0.034482758620689655,OK
2025020373,VGK,OTT,95,97,-2,2,0.021052631578947368,OK
2025020374,ANA,VAN,108,112,-4,4,0.037037037037037035,OK
2025020375,SEA,DAL,66,66,0,0,0.0,OK
2025020376,BOS,NYR,102,104,-2,2,0.0196078431372549,OK
2025020377,DET,TBL,94,96,-2,2,0.02127659574468085,OK
2025020378,MIN,COL,140,140,0,0,0.0,OK
2025020379,BUF,NJD,116,116,0,0,0.0,OK
2025020380,FLA,CGY,128,129,-1,1,0.0078125,OK
2025020381,NYI,PHI,77,79,-2,2,0.025974025974025976,OK
2025020382,STL,OTT,95,95,0,0,0.0,OK
2025020383,VGK,MTL,98,100,-2,2,0.02040816326530612,OK
2025020384,ANA,LAK,118,120,-2,2,0.01694915254237288,OK
2025020385,SJS,VAN,60,62,-2,2,0.03333333333333333,OK
2025020386,WSH,TOR,107,108,-1,1,0.009345794392523364,OK
2025020387,CAR,WPG,88,89,-1,1,0.011363636363636364,OK
2025020388,CBJ,PIT,99,99,0,0,0.0,OK
2025020389,CHI,NSH,105,106,-1,1,0.009523809523809525,OK
2025020390,DAL,UTA,78,78,0,0,0.0,OK
2025020391,NYR,TBL,95,96,-1,1,0.010526315789473684,OK
2025020392,COL,MTL,94,96,-2,2,0.02127659574468085,OK
2025020393,SEA,EDM,86,89,-3,3,0.03488372093023256,OK
2025020394,BOS,DET,77,80,-3,3,0.03896103896103896,OK
2025020395,NJD,PHI,96,98,-2,2,0.020833333333333332,OK
2025020396,PIT,TOR,107,109,-2,2,0.018691588785046728,OK
2025020397,NSH,WPG,82,84,-2,2,0.024390243902439025,OK
2025020398,STL,UTA,78,77,1,1,0.01282051282051282,OK
2025020399,MIN,BUF,82,82,0,0,0.0,OK
2025020400,VGK,SJS,106,108,-2,2,0.018867924528301886,OK
2025020401,LAK,VAN,70,71,-1,1,0.014285714285714285,OK
2025020402,NYI,WSH,90,93,-3,3,0.03333333333333333,OK
2025020403,CHI,ANA,81,66,15,15,0.18518518518518517,OK
2025020404,CAR,CGY,93,93,0,0,0.0,OK
2025020405,DAL,OTT,69,71,-2,2,0.028985507246376812,OK
2025020406,NJD,CBJ,69,53,16,16,0.2318840579710145,OK
2025020407,PHI,PIT,77,80,-3,3,0.03896103896103896,OK
2025020408,BUF,WPG,90,53,37,37,0.4111111111111111,OK
2025020409,STL,ANA,80,69,11,11,0.1375,OK
2025020410,SJS,UTA,95,48,47,47,0.49473684210526314,OK
2025020411,MTL,OTT,91,93,-2,2,0.02197802197802198,OK
2025020412,DET,BOS,108,75,33,33,0.3055555555555556,OK
2025020413,FLA,TOR,104,103,1,1,0.009615384615384616,OK
2025020414,NYI,TBL,95,95,0,0,0.0,OK
2025020415,NYR,DAL,90,91,-1,1,0.011111111111111112,OK
2025020416,NSH,CGY,85,39,46,46,0.5411764705882353,OK
2025020417,COL,VAN,101,69,32,32,0.31683168316831684,OK
2025020418,EDM,MIN,94,94,0,0,0.0,OK
2025020419,VGK,CHI,87,88,-1,1,0.011494252873563218,OK
2025020420,LAK,WSH,86,89,-3,3,0.03488372093023256,OK
2025020421,NJD,DAL,102,102,0,0,0.0,OK
2025020422,MTL,WPG,122,123,-1,1,0.00819672131147541,OK
2025020423,PHI,BUF,92,93,-1,1,0.010869565217391304,OK
2025020424,ANA,UTA,115,116,-1,1,0.008695652173913044,OK
2025020425,SJS,WSH,77,40,37,37,0.4805194805194805,OK
2025020426,BOS,STL,107,108,-1,1,0.009345794392523364,OK
2025020427,OTT,NYR,104,107,-3,3,0.028846153846153848,OK
2025020428,TBL,PIT,75,78,-3,3,0.04,OK
2025020429,FLA,NSH,71,71,0,0,0.0,OK
2025020430,NYI,COL,111,113,-2,2,0.018018018018018018,OK
2025020431,CAR,TOR,95,49,46,46,0.4842105263157895,OK
2025020432,CBJ,DET,102,107,-5,5,0.049019607843137254,OK
2025020433,CGY,MIN,96,97,-1,1,0.010416666666666666,OK
2025020434,EDM,SEA,100,103,-3,3,0.03,OK
2025020435,LAK,CHI,117,118,-1,1,0.008547008547008548,OK
2025020436,NJD,VGK,94,96,-2,2,0.02127659574468085,OK
2025020437,WPG,BUF,89,92,-3,3,0.033707865168539325,OK
2025020438,DAL,SJS,74,76,-2,2,0.02702702702702703,OK
2025020439,VAN,UTA,99,48,51,51,0.5151515151515151,OK
2025020440,ANA,WSH,101,101,0,0,0.0,OK
2025020441,NYR,COL,111,112,-1,1,0.009009009009009009,OK
2025020442,FLA,CBJ,77,80,-3,3,0.03896103896103896,OK
2025020443,BOS,NJD,113,114,-1,1,0.008849557522123894,OK
2025020444,TOR,MTL,84,85,-1,1,0.011904761904761904,OK
2025020445,OTT,STL,82,46,36,36,0.43902439024390244,OK
2025020446,TBL,NYI,82,84,-2,2,0.024390243902439025,OK
2025020447,CAR,NSH,81,60,21,21,0.25925925925925924,OK
2025020448,CGY,UTA,102,103,-1,1,0.00980392156862745,OK
2025020449,LAK,CHI,85,86,-1,1,0.011764705882352941,OK
2025020450,EDM,WPG,86,45,41,41,0.47674418604651164,OK
2025020451,VAN,MIN,84,85,-1,1,0.011904761904761904,OK
2025020452,SEA,DET,112,113,-1,1,0.008928571428571428,OK
2025020453,PHI,COL,109,111,-2,2,0.01834862385321101,OK
2025020454,FLA,NYI,102,103,-1,1,0.00980392156862745,OK
2025020455,CAR,SJS,103,106,-3,3,0.02912621359223301,OK
2025020456,DAL,PIT,96,97,-1,1,0.010416666666666666,OK
2025020457,MTL,STL,73,75,-2,2,0.0273972602739726,OK
2025020458,NYR,VGK,94,94,0,0,0.0,OK
2025020459,WSH,CBJ,91,91,0,0,0.0,OK
2025020460,ANA,CHI,98,101,-3,3,0.030612244897959183,OK
2025020461,TOR,TBL,96,97,-1,1,0.010416666666666666,OK
2025020462,UTA,LAK,100,102,-2,2,0.02,OK
2025020463,CGY,BUF,80,48,32,32,0.4,OK
2025020464,VAN,DET,104,52,52,52,0.5,OK
2025020465,SEA,MIN,106,109,-3,3,0.02830188679245283,OK
2025020466,MTL,TBL,95,61,34,34,0.35789473684210527,OK
2025020467,OTT,NJD,98,66,32,32,0.32653061224489793,OK
2025020468,NYI,VGK,83,85,-2,2,0.024096385542168676,OK
2025020469,PHI,SJS,78,79,-1,1,0.01282051282051282,OK
2025020470,PIT,ANA,108,108,0,0,0.0,OK
2025020471,CAR,CBJ,102,104,-2,2,0.0196078431372549,OK
2025020472,STL,BOS,108,111,-3,3,0.027777777777777776,OK
2025020473,WPG,DAL,83,51,32,32,0.3855421686746988,OK
2025020474,EDM,BUF,73,48,25,25,0.3424657534246575,OK
2025020475,NSH,COL,98,100,-2,2,0.02040816326530612,OK
2025020476,CHI,NYR,92,92,0,0,0.0,OK
2025020477,CGY,DET,110,110,0,0,0.0,OK
2025020478,UTA,FLA,106,106,0,0,0.0,OK
2025020479,SEA,LAK,87,90,-3,3,0.034482758620689655,OK
2025020480,TOR,SJS,89,92,-3,3,0.033707865168539325,OK
2025020481,NJD,TBL,98,83,15,15,0.15306122448979592,OK
2025020482,NYI,ANA,116,115,1,1,0.008620689655172414,OK
2025020483,PHI,VGK,81,82,-1,1,0.012345679012345678,OK
2025020484,PIT,MTL,89,90,-1,1,0.011235955056179775,OK
2025020485,WSH,CAR,111,112,-1,1,0.009009009009009009,OK
2025020486,CBJ,OTT,99,64,35,35,0.35353535353535354,OK
2025020487,NSH,STL,81,56,25,25,0.30864197530864196,OK
2025020488,MIN,DAL,102,105,-3,3,0.029411764705882353,OK
2025020489,WPG,BOS,91,95,-4,4,0.04395604395604396,OK
2025020490,COL,FLA,107,108,-1,1,0.009345794392523364,OK
2025020491,EDM,DET,102,104,-2,2,0.0196078431372549,OK
2025020492,VAN,BUF,97,60,37,37,0.38144329896907214,OK
2025020493,STL,CHI,94,95,-1,1,0.010638297872340425,OK
2025020494,UTA,SEA,111,114,-3,3,0.02702702702702703,OK
2025020495,NJD,ANA,97,98,-1,1,0.010309278350515464,OK
2025020496,MIN,OTT,93,96,-3,3,0.03225806451612903,OK
2025020497,PIT,SJS,108,113,-5,5,0.046296296296296294,OK
2025020498,NYI,TBL,84,84,0,0,0.0,OK
2025020499,TOR,EDM,103,81,22,22,0.21359223300970873,OK
2025020500,NYR,MTL,105,108,-3,3,0.02857142857142857,OK
2025020501,PHI,CAR,83,83,0,0,0.0,OK
2025020502,CBJ,VGK,99,100,-1,1,0.010101010101010102,OK
2025020503,WPG,WSH,84,85,-1,1,0.011904761904761904,OK
2025020504,CHI,DET,88,89,-1,1,0.011363636363636364,OK
2025020505,DAL,FLA,72,74,-2,2,0.027777777777777776,OK
2025020506,COL,NSH,105,109,-4,4,0.0380952380952381,OK
2025020507,LAK,CGY,98,98,0,0,0.0,OK
2025020508,NJD,VAN,78,80,-2,2,0.02564102564102564,OK
2025020509,PIT,UTA,81,82,-1,1,0.012345679012345678,OK
2025020510,CAR,PHI,80,83,-3,3,0.0375,OK
2025020511,MIN,BOS,111,114,-3,3,0.02702702702702703,OK
2025020512,MTL,EDM,66,69,-3,3,0.045454545454545456,OK
2025020513,SEA,BUF,97,99,-2,2,0.020618556701030927,OK
2025020514,TBL,FLA,68,69,-1,1,0.014705882352941176,OK
2025020515,NYR,ANA,82,84,-2,2,0.024390243902439025,OK
2025020516,WPG,OTT,94,95,-1,1,0.010638297872340425,OK
2025020517,STL,NSH,73,76,-3,3,0.0410958904109589,OK
2025020518,DAL,LAK,93,53,40,40,0.43010752688172044,OK
2025020519,BOS,UTA,88,90,-2,2,0.022727272727272728,OK
2025020520,TOR,CHI,85,86,-1,1,0.011764705882352941,OK
2025020521,MTL,PHI,80,81,-1,1,0.0125,OK
2025020522,DET,NYI,103,105,-2,2,0.019417475728155338,OK
2025020523,NYR,VAN,67,67,0,0,0.0,OK
2025020524,PIT,EDM,81,86,-5,5,0.06172839506172839,OK
2025020525,CBJ,ANA,95,96,-1,1,0.010526315789473684,OK
2025020526,MIN,WSH,101,102,-1,1,0.009900990099009901,OK
2025020527,SJS,CGY,106,107,-1,1,0.009433962264150943,OK
2025020528,SEA,COL,121,124,-3,3,0.024793388429752067,OK
2025020529,FLA,LAK,102,104,-2,2,0.0196078431372549,OK
2025020530,DET,UTA,87,88,-1,1,0.011494252873563218,OK
2025020531,STL,WPG,88,88,0,0,0.0,OK
2025020532,NSH,CAR,93,96,-3,3,0.03225806451612903,OK
2025020533,VGK,NJD,105,106,-1,1,0.009523809523809525,OK
2025020534,BOS,EDM,73,41,32,32,0.4383561643835616,OK
2025020535,BUF,PHI,82,85,-3,3,0.036585365853658534,OK
2025020536,MTL,CHI,95,96,-1,1,0.010526315789473684,OK
2025020537,OTT,PIT,96,97,-1,1,0.010416666666666666,OK
2025020538,TBL,LAK,91,92,-1,1,0.01098901098901099,OK
2025020539,WSH,TOR,80,80,0,0,0.0,OK
2025020540,CBJ,MIN,110,53,57,57,0.5181818181818182,OK
2025020541,STL,NYR,90,91,-1,1,0.011111111111111112,OK
2025020542,CGY,SEA,86,89,-3,3,0.03488372093023256,OK
2025020543,SJS,DAL,96,98,-2,2,0.020833333333333332,OK
2025020544,FLA,CAR,95,98,-3,3,0.031578947368421054,OK
2025020545,NYI,VAN,79,82,-3,3,0.0379746835443038,OK
2025020546,COL,WPG,89,90,-1,1,0.011235955056179775,OK
2025020547,UTA,NJD,80,82,-2,2,0.025,OK
2025020548,ANA,DAL,90,69,21,21,0.23333333333333334,OK
2025020549,NYR,PHI,93,96,-3,3,0.03225806451612903,OK
2025020550,WSH,DET,110,111,-1,1,0.00909090909090909,OK
2025020551,OTT,CHI,85,87,-2,2,0.023529411764705882,OK
2025020552,MIN,EDM,95,97,-2,2,0.021052631578947368,OK
2025020553,BUF,NYI,93,95,-2,2,0.021505376344086023,OK
2025020554,FLA,STL,80,82,-2,2,0.025,OK
2025020555,BOS,VAN,91,93,-2,2,0.02197802197802198,OK
2025020556,MTL,PIT,91,93,-2,2,0.02197802197802198,OK
2025020557,TBL,CAR,89,91,-2,2,0.02247191011235955,OK
2025020558,NSH,TOR,103,107,-4,4,0.038834951456310676,OK
2025020559,CGY,VGK,112,114,-2,2,0.017857142857142856,OK
2025020560,ANA,CBJ,116,116,0,0,0.0,OK
2025020561,SJS,SEA,103,105,-2,2,0.019417475728155338,OK
2025020562,DET,WSH,113,114,-1,1,0.008849557522123894,OK
2025020563,MIN,COL,110,113,-3,3,0.02727272727272727,OK
2025020564,BOS,OTT,84,86,-2,2,0.023809523809523808,OK
2025020565,NJD,BUF,102,102,0,0,0.0,OK
2025020566,PIT,MTL,99,100,-1,1,0.010101010101010102,OK
2025020567,NSH,NYR,97,98,-1,1,0.010309278350515464,OK
2025020568,DAL,TOR,82,83,-1,1,0.012195121951219513,OK
2025020569,UTA,WPG,88,89,-1,1,0.011363636363636364,OK
2025020570,EDM,VGK,76,81,-5,5,0.06578947368421052,OK
2025020571,TBL,STL,81,84,-3,3,0.037037037037037035,OK
2025020572,PHI,VAN,104,105,-1,1,0.009615384615384616,OK
2025020573,ANA,SEA,93,94,-1,1,0.010752688172043012,OK
2025020574,LAK,CBJ,78,81,-3,3,0.038461538461538464,OK
2025020575,TOR,PIT,96,98,-2,2,0.020833333333333332,OK
2025020576,WSH,NYR,97,100,-3,3,0.030927835051546393,OK
2025020577,BOS,MTL,79,80,-1,1,0.012658227848101266,OK
2025020578,OTT,BUF,86,87,-1,1,0.011627906976744186,OK
2025020579,DET,DAL,75,80,-5,5,0.06666666666666667,OK
2025020580,NYI,NJD,126,126,0,0,0.0,OK
2025020581,CAR,FLA,95,97,-2,2,0.021052631578947368,OK
2025020582,MIN,NSH,76,80,-4,4,0.05263157894736842,OK
2025020583,CHI,PHI,72,74,-2,2,0.027777777777777776,OK
2025020584,COL,UTA,93,94,-1,1,0.010752688172043012,OK
2025020585,EDM,CGY,80,83,-3,3,0.0375,OK
2025020586,VGK,SJS,82,60,22,22,0.2682926829268293,OK
2025020587,LAK,SEA,103,104,-1,1,0.009708737864077669,OK
2025020588,NYI,NYR,79,80,-1,1,0.012658227848101266,OK
2025020589,BUF,BOS,87,84,3,3,0.034482758620689655,OK
2025020590,TOR,OTT,87,76,11,11,0.12643678160919541,OK
2025020591,FLA,TBL,63,55,8,8,0.12698412698412698,OK
2025020592,NJD,WSH,111,94,17,17,0.15315315315315314,OK
2025020593,CAR,DET,96,93,3,3,0.03125,OK
2025020594,WPG,MIN,88,76,12,12,0.13636363636363635,OK
2025020595,STL,NSH,90,51,39,39,0.43333333333333335,OK
2025020596,DAL,CHI,88,48,40,40,0.45454545454545453,OK
2025020597,LAK,ANA,112,114,-2,2,0.017857142857142856,OK
2025020598,CGY,EDM,104,105,-1,1,0.009615384615384616,OK
2025020599,VAN,SJS,91,94,-3,3,0.03296703296703297,OK
2025020600,VGK,COL,120,121,-1,1,0.008333333333333333,OK
2025020601,DET,TOR,106,107,-1,1,0.009433962264150943,OK
2025020602,TBL,MTL,104,105,-1,1,0.009615384615384616,OK
2025020603,CBJ,NYI,105,106,-1,1,0.009523809523809525,OK
2025020604,CHI,PIT,88,89,-1,1,0.011363636363636364,OK
2025020605,SEA,PHI,96,98,-2,2,0.020833333333333332,OK
2025020606,OTT,CBJ,79,79,0,0,0.0,OK
2025020607,FLA,WSH,65,68,-3,3,0.046153846153846156,OK
2025020608,CAR,NYR,98,99,-1,1,0.01020408163265306,OK
2025020609,WPG,EDM,99,101,-2,2,0.020202020202020204,OK
2025020610,STL,BUF,93,94,-1,1,0.010752688172043012,OK
2025020611,COL,LAK,85,88,-3,3,0.03529411764705882,OK
2025020612,UTA,NSH,97,99,-2,2,0.020618556701030927,OK
2025020613,CGY,BOS,78,78,0,0,0.0,OK
2025020614,VGK,MIN,91,91,0,0,0.0,OK
2025020615,ANA,SJS,94,53,41,41,0.43617021276595747,OK
2025020616,SEA,VAN,96,97,-1,1,0.010416666666666666,OK
2025020617,TOR,NJD,86,88,-2,2,0.023255813953488372,OK
2025020618,FLA,MTL,84,86,-2,2,0.023809523809523808,OK
2025020619,PIT,CAR,119,120,-1,1,0.008403361344537815,OK
2025020620,CHI,NYI,90,92,-2,2,0.022222222222222223,OK
2025020621,VAN,PHI,109,110,-1,1,0.009174311926605505,OK
2025020622,WSH,NYR,111,114,-3,3,0.02702702702702703,OK
2025020623,VGK,NSH,78,60,18,18,0.23076923076923078,OK
2025020624,ANA,TBL,90,92,-2,2,0.022222222222222223,OK
2025020625,SJS,MIN,101,56,45,45,0.44554455445544555,OK
2025020626,DET,WPG,74,75,-1,1,0.013513513513513514,OK
2025020627,CBJ,NJD,111,56,55,55,0.4954954954954955,OK
2025020628,DAL,BUF,97,97,0,0,0.0,OK
2025020629,COL,STL,93,94,-1,1,0.010752688172043012,OK
2025020630,CGY,PHI,100,102,-2,2,0.02,OK
2025020631,EDM,BOS,86,87,-1,1,0.011627906976744186,OK
2025020632,OTT,WSH,82,83,-1,1,0.012195121951219513,OK
2025020633,NYI,UTA,69,50,19,19,0.2753623188405797,OK
2025020634,TOR,WPG,104,106,-2,2,0.019230769230769232,OK
2025020635,PIT,DET,91,93,-2,2,0.02197802197802198,OK
2025020636,CAR,MTL,87,91,-4,4,0.04597701149425287,OK
2025020637,CHI,DAL,86,89,-3,3,0.03488372093023256,OK
2025020638,SEA,NSH,111,114,-3,3,0.02702702702702703,OK
2025020639,LAK,TBL,93,97,-4,4,0.043010752688172046,OK
2025020640,STL,VGK,78,0,78,78,1.0,OK
2025020641,FLA,NYR,98,0,98,98,1.0,OK
2025020642,VAN,SEA,102,0,102,102,1.0,OK
2025020643,ANA,MIN,119,0,119,119,1.0,OK
2025020644,DET,PIT,85,0,85,85,1.0,OK
2025020645,NJD,UTA,91,0,91,91,1.0,OK
2025020646,CBJ,BUF,112,0,112,112,1.0,OK
2025020647,EDM,PHI,97,0,97,97,1.0,OK
2025020648,STL,MTL,75,0,75,75,1.0,OK
2025020649,SJS,TBL,83,0,83,83,1.0,OK
2025020650,OTT,WPG,77,0,77,77,1.0,OK
2025020651,NYI,TOR,98,0,98,98,1.0,OK
2025020652,WSH,CHI,106,0,106,106,1.0,OK
2025020653,CAR,COL,90,0,90,90,1.0,OK
2025020654,CGY,NSH,105,0,105,105,1.0,OK
2025020655,LAK,MIN,122,0,122,122,1.0,OK
2025020656,VAN,BOS,85,0,85,85,1.0,OK
2025020657,DAL,MTL,73,0,73,73,1.0,OK
2025020658,CBJ,PIT,123,0,123,123,1.0,OK
2025020659,FLA,COL,84,0,84,84,1.0,OK
2025020660,NJD,CAR,78,78,0,0,0.0,OK
2025020661,CHI,VGK,84,84,0,0,0.0,OK
2025020662,NYR,UTA,95,47,48,48,0.5052631578947369,OK
2025020663,WSH,ANA,112,65,47,47,0.41964285714285715,OK
2025020664,OTT,DET,68,43,25,25,0.36764705882352944,OK
2025020665,CGY,SEA,113,115,-2,2,0.017699115044247787,OK
2025020666,LAK,MIN,100,64,36,36,0.36,OK
2025020667,BUF,VAN,86,87,-1,1,0.011627906976744186,OK
2025020668,TBL,COL,103,105,-2,2,0.019417475728155338,OK
2025020669,NYI,NJD,102,102,0,0,0.0,OK
2025020670,PHI,ANA,72,76,-4,4,0.05555555555555555,OK
2025020671,CAR,DAL,98,102,-4,4,0.04081632653061224,OK
2025020672,TOR,FLA,85,86,-1,1,0.011764705882352941,OK
2025020673,WPG,VGK,83,84,-1,1,0.012048192771084338,OK
2025020674,EDM,NSH,119,121,-2,2,0.01680672268907563,OK
2025020675,SJS,CBJ,100,103,-3,3,0.03,OK
2025020676,SEA,BOS,105,109,-4,4,0.0380952380952381,OK
2025020677,WSH,DAL,81,84,-3,3,0.037037037037037035,OK
2025020678,MTL,CGY,102,102,0,0,0.0,OK
2025020679,CHI,STL,85,87,-2,2,0.023529411764705882,OK
2025020680,UTA,OTT,85,85,0,0,0.0,OK
2025020681,LAK,SJS,88,91,-3,3,0.03409090909090909,OK
2025020682,BOS,CGY,112,112,0,0,0.0,OK
2025020683,MTL,FLA,75,76,-1,1,0.013333333333333334,OK
2025020684,DET,VAN,106,108,-2,2,0.018867924528301886,OK
2025020685,NYR,BUF,90,92,-2,2,0.022222222222222223,OK
2025020686,PHI,TOR,98,98,0,0,0.0,OK
2025020687,PIT,NJD,103,104,-1,1,0.009708737864077669,OK
2025020688,CAR,ANA,90,91,-1,1,0.011111111111111112,OK
2025020689,NSH,NYI,99,99,0,0,0.0,OK
2025020690,WPG,EDM,79,80,-1,1,0.012658227848101266,OK
2025020691,COL,OTT,104,67,37,37,0.3557692307692308,OK
2025020692,VGK,CBJ,94,77,17,17,0.18085106382978725,OK
2025020693,SEA,MIN,104,105,-1,1,0.009615384615384616,OK
2025020694,CHI,WSH,70,71,-1,1,0.014285714285714285,OK
2025020695,WPG,LAK,109,63,46,46,0.42201834862385323,OK
2025020696,UTA,STL,100,102,-2,2,0.02,OK
2025020697,BOS,NYR,107,109,-2,2,0.018691588785046728,OK
2025020698,PIT,CGY,85,85,0,0,0.0,OK
2025020699,COL,CBJ,129,129,0,0,0.0,OK
2025020700,SJS,DAL,79,83,-4,4,0.05063291139240506,OK
2025020701,BUF,ANA,106,109,-3,3,0.02830188679245283,OK
2025020702,TOR,VAN,83,40,43,43,0.5180722891566265,OK
2025020703,MTL,DET,89,90,-1,1,0.011235955056179775,OK
2025020704,OTT,FLA,64,68,-4,4,0.0625,OK
2025020705,PHI,TBL,73,74,-1,1,0.0136986301369863,OK
2025020706,CAR,SEA,101,101,0,0,0.0,OK
2025020707,NSH,CHI,81,83,-2,2,0.024691358024691357,OK
2025020708,MIN,NYI,101,52,49,49,0.48514851485148514,OK
2025020709,EDM,LAK,97,98,-1,1,0.010309278350515464,OK
2025020710,VGK,STL,85,87,-2,2,0.023529411764705882,OK
2025020711,WPG,NJD,97,97,0,0,0.0,OK
2025020712,BOS,PIT,97,0,97,97,1.0,OK
2025020713,NSH,WSH,72,74,-2,2,0.027777777777777776,OK
2025020714,UTA,CBJ,118,119,-1,1,0.00847457627118644,OK
2025020715,SJS,VGK,66,69,-3,3,0.045454545454545456,OK
2025020716,BUF,FLA,110,112,-2,2,0.01818181818181818,OK
2025020717,DET,CAR,84,86,-2,2,0.023809523809523808,OK
2025020718,NYR,SEA,87,88,-1,1,0.011494252873563218,OK
2025020719,PHI,TBL,68,71,-3,3,0.04411764705882353,OK
2025020720,MTL,VAN,116,117,-1,1,0.008620689655172414,OK
2025020721,MIN,NJD,102,103,-1,1,0.00980392156862745,OK
2025020722,CHI,EDM,113,114,-1,1,0.008849557522123894,OK
2025020723,COL,TOR,103,104,-1,1,0.009708737864077669,OK
2025020724,LAK,DAL,84,86,-2,2,0.023809523809523808,OK
2025020725,OTT,VAN,109,110,-1,1,0.009174311926605505,OK
2025020726,PIT,TBL,81,82,-1,1,0.012345679012345678,OK
2025020727,WSH,MTL,82,83,-1,1,0.012195121951219513,OK
2025020728,CBJ,CGY,102,107,-5,5,0.049019607843137254,OK
2025020729,BOS,DET,105,106,-1,1,0.009523809523809525,OK
2025020730,STL,CAR,103,104,-1,1,0.009708737864077669,OK
2025020731,NSH,EDM,91,93,-2,2,0.02197802197802198,OK
2025020732,WPG,NYI,81,84,-3,3,0.037037037037037035,OK
2025020733,UTA,TOR,129,129,0,0,0.0,OK
2025020734,ANA,DAL,98,65,33,33,0.336734693877551,OK
2025020735,NJD,SEA,92,94,-2,2,0.021739130434782608,OK
2025020736,BUF,PHI,64,34,30,30,0.46875,OK
2025020737,NYR,OTT,93,96,-3,3,0.03225806451612903,OK
2025020738,LAK,VGK,90,92,-2,2,0.022222222222222223,OK
2025020739,BOS,SEA,82,84,-2,2,0.024390243902439025,OK
2025020740,BUF,MTL,75,79,-4,4,0.05333333333333334,OK
2025020741,PIT,PHI,97,57,40,40,0.41237113402061853,OK
2025020742,WSH,SJS,79,80,-1,1,0.012658227848101266,OK
2025020743,CBJ,VAN,122,125,-3,3,0.02459016393442623,OK
2025020744,MIN,WPG,82,32,50,50,0.6097560975609756,OK
2025020745,CHI,CGY,78,80,-2,2,0.02564102564102564,OK
2025020746,UTA,DAL,90,50,40,40,0.4444444444444444,OK
2025020747,EDM,NYI,101,102,-1,1,0.009900990099009901,OK
2025020748,VGK,TOR,100,104,-4,4,0.04,OK
2025020749,DET,SJS,95,97,-2,2,0.021052631578947368,OK
2025020750,CAR,FLA,76,79,-3,3,0.039473684210526314,OK
2025020751,STL,TBL,90,91,-1,1,0.011111111111111112,OK
2025020752,COL,NSH,111,113,-2,2,0.018018018018018018,OK
2025020753,LAK,ANA,101,101,0,0,0.0,OK
