event,x,y,x_adj,y_adj,game_state,is_net_empty,period,period_time,player_id,player_name,team_id,home_id,away_id,home_abb,away_abb,home_team_defending_side,game_id,shot_type,score_diff,home_score,away_score,period_number,time_elapsed_in_period_s,total_time_elapsed_s,synthetic,predicted_penalty_duration_seconds,predicted_penalty_end_total_seconds,periodTime_seconds_elapsed,total_time_elapsed_seconds,distance,angle_deg,last_event_type,last_event_time_diff,is_rebound,rebound_angle_change,rebound_time_diff,is_rush
faceoff,0.0,0.0,0.0,0.0,5v5,0,1,20:00,,,16,13,16,FLA,CHI,right,2025020001,,0.0,0.0,0.0,1.0,0.0,0.0,,,,0,0,89.0,90.0,,,0,,,0
blocked-shot,-61.0,3.0,-61.57,3.29,5v5,0,1,19:38,8473419.0,Brad Marchand,13,13,16,FLA,CHI,right,2025020001,,0.0,0.0,0.0,1.0,22.0,22.0,,,,22,22,28.16025568065745,83.8844964337146,faceoff,22.0,0,,,0
faceoff,-69.0,22.0,-69.0,22.0,5v5,0,1,19:26,,,16,13,16,FLA,CHI,right,2025020001,,0.0,0.0,0.0,1.0,34.0,34.0,,,,34,34,159.52429282087414,97.9269266826896,blocked-shot,12.0,0,,,0
giveaway,-41.0,38.0,-41.0,38.0,5v5,0,1,19:14,8482113.0,Anton Lundell,13,13,16,FLA,CHI,right,2025020001,,0.0,0.0,0.0,1.0,46.0,46.0,,,,46,46,61.220911460055866,51.63251461513847,faceoff,12.0,0,,,0
giveaway,-13.0,-31.0,-13.0,-31.0,5v5,0,1,18:50,8484783.0,Artyom Levshunov,16,13,16,FLA,CHI,right,2025020001,,0.0,0.0,0.0,1.0,70.0,70.0,,,,70,70,106.60675400742676,73.09484190136435,giveaway,24.0,0,,,0
blocked-shot,-64.0,-16.0,-64.14,-17.0,5v5,0,1,18:47,8482713.0,Mackie Samoskevich,13,13,16,FLA,CHI,right,2025020001,,0.0,0.0,0.0,1.0,73.0,73.0,,,,73,73,29.68164415931166,122.61924307119284,giveaway,3.0,0,,,1
faceoff,-69.0,-22.0,-69.0,-22.0,5v5,0,1,18:45,,,13,13,16,FLA,CHI,right,2025020001,,0.0,0.0,0.0,1.0,75.0,75.0,,,,75,75,29.73213749463701,137.72631099390625,blocked-shot,2.0,0,,,0
shot-on-goal,-58.0,-22.0,-59.14,-22.14,5v5,0,1,18:44,8478542.0,Evan Rodrigues,13,13,16,FLA,CHI,right,2025020001,wrist,0.0,0.0,0.0,1.0,76.0,76.0,,,,76,76,38.01315561749642,125.36246188706906,faceoff,1.0,1,2.7432188158762187,3.0,0
faceoff,-69.0,-22.0,-69.0,-22.0,5v5,0,1,18:43,,,16,13,16,FLA,CHI,right,2025020001,,0.0,0.0,0.0,1.0,77.0,77.0,,,,77,77,159.52429282087414,82.0730733173104,shot-on-goal,1.0,0,,,0
faceoff,-69.0,-22.0,-69.0,-22.0,5v5,0,1,18:28,,,13,13,16,FLA,CHI,right,2025020001,,0.0,0.0,0.0,1.0,92.0,92.0,,,,92,92,29.73213749463701,137.72631099390625,faceoff,15.0,0,,,0
shot-on-goal,-33.0,-19.0,-34.14,-19.57,5v5,0,1,18:25,8478055.0,Gustav Forsling,13,13,16,FLA,CHI,right,2025020001,slap,0.0,0.0,0.0,1.0,95.0,95.0,,,,95,95,59.13543776789008,108.74134044519272,faceoff,3.0,0,,,0
faceoff,-69.0,-22.0,-69.0,-22.0,5v5,0,1,18:24,,,13,13,16,FLA,CHI,right,2025020001,,0.0,0.0,0.0,1.0,96.0,96.0,,,,96,96,29.73213749463701,137.72631099390625,shot-on-goal,1.0,0,,,0
missed-shot,55.0,-29.0,56.29,-29.0,5v5,0,1,18:16,8484144.0,Connor Bedard,16,13,16,FLA,CHI,right,2025020001,snap,0.0,0.0,0.0,1.0,104.0,104.0,,,,104,104,44.68780594300866,49.53777250790665,faceoff,8.0,0,,,0
faceoff,69.0,-22.0,69.0,-22.0,5v5,0,1,18:14,,,16,13,16,FLA,CHI,right,2025020001,,0.0,0.0,0.0,1.0,106.0,106.0,,,,106,106,29.73213749463701,42.27368900609374,missed-shot,2.0,0,,,0
shot-on-goal,35.0,33.0,36.43,33.0,5v5,0,1,17:58,8482807.0,Ethan Del Mastro,16,13,16,FLA,CHI,right,2025020001,snap,0.0,0.0,0.0,1.0,122.0,122.0,,,,122,122,63.28506932918696,121.42956561483852,faceoff,16.0,0,,,0
blocked-shot,43.0,-32.0,45.0,-32.0,5v5,0,1,17:52,8476473.0,Connor Murphy,16,13,16,FLA,CHI,right,2025020001,,0.0,0.0,0.0,1.0,128.0,128.0,,,,128,128,56.0357029044876,55.175510843043206,shot-on-goal,6.0,0,,,0
hit,74.0,39.0,74.0,39.0,5v5,0,1,17:45,,,16,13,16,FLA,CHI,right,2025020001,,0.0,0.0,0.0,1.0,135.0,135.0,,,,135,135,41.78516483155236,158.96248897457818,blocked-shot,7.0,0,,,0
hit,-26.0,-40.0,-26.0,-40.0,5v5,0,1,17:38,,,13,13,16,FLA,CHI,right,2025020001,,0.0,0.0,0.0,1.0,142.0,142.0,,,,142,142,74.62573282722254,122.4123066183512,hit,7.0,0,,,0
faceoff,0.0,0.0,0.0,0.0,5v5,0,1,17:21,,,16,13,16,FLA,CHI,right,2025020001,,0.0,0.0,0.0,1.0,159.0,159.0,,,,159,159,89.0,90.0,hit,17.0,0,,,0
shot-on-goal,30.0,-34.0,30.71,-34.0,5v5,0,1,17:08,8483506.0,Sam Rinzel,16,13,16,FLA,CHI,right,2025020001,snap,0.0,0.0,0.0,1.0,172.0,172.0,,,,172,172,68.09552114493287,60.0463918321985,faceoff,13.0,0,,,0
takeaway,-33.0,18.0,-33.0,18.0,5v5,0,1,16:49,8477935.0,Sam Bennett,13,13,16,FLA,CHI,right,2025020001,,0.0,0.0,0.0,1.0,191.0,191.0,,,,191,191,58.82176467941097,72.18111108547723,shot-on-goal,19.0,0,,,0
giveaway,14.0,-12.0,14.0,-12.0,5v5,0,1,16:44,8473507.0,Jeff Petry,13,13,16,FLA,CHI,right,2025020001,,0.0,0.0,0.0,1.0,196.0,196.0,,,,196,196,103.69667304209908,96.64527821027444,takeaway,5.0,0,,,0
blocked-shot,-56.0,-22.0,-57.14,-22.14,5v5,0,1,16:29,8473419.0,Brad Marchand,13,13,16,FLA,CHI,right,2025020001,,0.0,0.0,0.0,1.0,211.0,211.0,,,,211,211,39.66106403010388,123.6900675259798,giveaway,15.0,0,,,0
shot-on-goal,-58.0,28.0,-59.14,28.0,5v5,0,1,16:26,8477932.0,Aaron Ekblad,13,13,16,FLA,CHI,right,2025020001,slap,0.0,0.0,0.0,1.0,214.0,214.0,,,,214,214,41.77319714841085,47.91083782616775,blocked-shot,3.0,1,75.77922969981203,3.0,0
faceoff,-69.0,22.0,-69.0,22.0,5v5,0,1,16:23,,,13,13,16,FLA,CHI,right,2025020001,,0.0,0.0,0.0,1.0,217.0,217.0,,,,217,217,29.73213749463701,42.27368900609374,shot-on-goal,3.0,0,,,0
missed-shot,-47.0,-12.0,-49.0,-13.0,5v5,0,1,16:22,8478859.0,Niko Mikkola,13,13,16,FLA,CHI,right,2025020001,wrist,0.0,0.0,0.0,1.0,218.0,218.0,,,,218,218,43.68065933568311,105.94539590092286,faceoff,1.0,1,58.03455807475511,4.0,0
blocked-shot,85.0,6.0,85.0,6.57,5v5,0,1,16:05,8473422.0,Nick Foligno,16,13,16,FLA,CHI,right,2025020001,,0.0,0.0,0.0,1.0,235.0,235.0,,,,235,235,7.211102550927978,146.30993247402023,missed-shot,17.0,0,,,0
shot-on-goal,-79.0,9.0,-79.0,9.86,5v5,0,1,15:54,8477935.0,Sam Bennett,13,13,16,FLA,CHI,right,2025020001,wrist,0.0,0.0,0.0,1.0,246.0,246.0,,,,246,246,13.45362404707371,48.01278750418334,blocked-shot,11.0,0,,,0
missed-shot,-82.0,4.0,-82.0,4.29,5v5,0,1,15:19,8482113.0,Anton Lundell,13,13,16,FLA,CHI,right,2025020001,tip-in,0.0,0.0,0.0,1.0,281.0,281.0,,,,281,281,8.06225774829855,60.25511870305778,shot-on-goal,35.0,0,,,0
shot-on-goal,-89.0,6.0,-89.0,6.57,5v5,0,1,15:18,8477933.0,Sam Reinhart,13,13,16,FLA,CHI,right,2025020001,wrist,0.0,0.0,0.0,1.0,282.0,282.0,,,,282,282,6.0,0.0,missed-shot,1.0,1,60.25511870305778,1.0,0
hit,-97.0,-8.0,-97.0,-8.0,5v5,0,1,15:12,,,16,13,16,FLA,CHI,right,2025020001,,0.0,0.0,0.0,1.0,288.0,288.0,,,,288,288,186.17196351760376,87.53718332408316,shot-on-goal,6.0,0,,,0
missed-shot,-28.0,18.0,-28.71,18.71,5v5,0,1,15:08,8477932.0,Aaron Ekblad,13,13,16,FLA,CHI,right,2025020001,wrist,0.0,0.0,0.0,1.0,292.0,292.0,,,,292,292,63.60031446463138,73.55962047831983,hit,4.0,0,,,0
hit,-95.0,-12.0,-95.0,-12.0,5v5,0,1,14:44,,,13,13,16,FLA,CHI,right,2025020001,,0.0,0.0,0.0,1.0,316.0,316.0,,,,316,316,13.41640786499874,206.565051177078,missed-shot,24.0,0,,,0
hit,96.0,20.0,96.0,20.0,5v5,0,1,14:21,,,16,13,16,FLA,CHI,right,2025020001,,0.0,0.0,0.0,1.0,339.0,339.0,,,,339,339,21.18962010041709,199.29004621918875,hit,23.0,0,,,0
hit,-61.0,10.0,-61.0,10.0,5v5,0,1,14:07,,,13,13,16,FLA,CHI,right,2025020001,,0.0,0.0,0.0,1.0,353.0,353.0,,,,353,353,29.73213749463701,70.3461759419467,hit,14.0,0,,,0
hit,74.0,38.0,74.0,38.0,5v5,0,1,13:54,,,16,13,16,FLA,CHI,right,2025020001,,0.0,0.0,0.0,1.0,366.0,366.0,,,,366,366,40.85339643163099,158.45902408146156,hit,13.0,0,,,0
faceoff,69.0,22.0,69.0,22.0,5v5,0,1,13:53,,,16,13,16,FLA,CHI,right,2025020001,,0.0,0.0,0.0,1.0,367.0,367.0,,,,367,367,29.73213749463701,137.72631099390625,hit,1.0,0,,,0
blocked-shot,39.0,-15.0,41.0,-16.0,5v5,0,1,13:46,8483506.0,Sam Rinzel,16,13,16,FLA,CHI,right,2025020001,,0.0,0.0,0.0,1.0,374.0,374.0,,,,374,374,52.20153254455275,73.30075576600639,faceoff,7.0,0,,,0
faceoff,69.0,-22.0,69.0,-22.0,5v5,0,1,13:44,,,13,13,16,FLA,CHI,right,2025020001,,0.0,0.0,0.0,1.0,376.0,376.0,,,,376,376,159.52429282087414,97.9269266826896,blocked-shot,2.0,0,,,0
faceoff,-20.0,-22.0,-20.0,-22.0,5v5,0,1,13:25,,,13,13,16,FLA,CHI,right,2025020001,,0.0,0.0,0.0,1.0,395.0,395.0,,,,395,395,72.42237223399962,107.68439202655776,faceoff,19.0,0,,,0
hit,-98.0,-11.0,-98.0,-11.0,5v5,0,1,13:17,,,13,13,16,FLA,CHI,right,2025020001,,0.0,0.0,0.0,1.0,403.0,403.0,,,,403,403,14.212670403551895,219.2894068625004,faceoff,8.0,0,,,0
penalty,2.0,2.0,2.0,2.0,5v5,0,1,13:02,,,16,13,16,FLA,CHI,right,2025020001,,0.0,0.0,0.0,1.0,418.0,418.0,,,,418,418,87.02298546935747,91.31691240579326,hit,15.0,0,,,0
faceoff,-69.0,-22.0,-69.0,-22.0,5v4,0,1,13:02,,,13,13,16,FLA,CHI,right,2025020001,,0.0,0.0,0.0,1.0,418.0,418.0,,,,418,418,29.73213749463701,137.72631099390625,penalty,0.0,0,,,0
shot-on-goal,-49.0,-37.0,-51.0,-37.0,5v4,0,1,12:42,8473419.0,Brad Marchand,13,13,16,FLA,CHI,right,2025020001,wrist,0.0,0.0,0.0,1.0,438.0,438.0,,,,438,438,54.48853090330111,132.76882539196876,faceoff,20.0,0,,,0
missed-shot,-82.0,-3.0,-82.0,-3.29,5v4,0,1,12:21,8477933.0,Sam Reinhart,13,13,16,FLA,CHI,right,2025020001,tip-in,0.0,0.0,0.0,1.0,459.0,459.0,,,,459,459,7.615773105863909,113.19859051364818,shot-on-goal,21.0,0,,,0
shot-on-goal,-71.0,9.0,-71.0,9.86,5v4,0,1,12:19,8477932.0,Aaron Ekblad,13,13,16,FLA,CHI,right,2025020001,wrist,0.0,0.0,0.0,1.0,461.0,461.0,,,,461,461,20.12461179749811,63.43494882292201,missed-shot,2.0,1,49.763641690726175,2.0,0
giveaway,-99.0,11.0,-99.0,11.0,5v4,0,1,12:11,8477933.0,Sam Reinhart,13,13,16,FLA,CHI,right,2025020001,,0.0,0.0,0.0,1.0,469.0,469.0,,,,469,469,14.866068747318506,317.7263109939063,shot-on-goal,8.0,0,,,0
faceoff,69.0,-22.0,69.0,-22.0,5v4,0,1,11:07,,,13,13,16,FLA,CHI,right,2025020001,,0.0,0.0,0.0,1.0,533.0,533.0,,,,533,533,159.52429282087414,97.9269266826896,giveaway,64.0,0,,,0
giveaway,-70.0,-40.0,-70.0,-40.0,5v5,0,1,10:41,8483506.0,Sam Rinzel,16,13,16,FLA,CHI,right,2025020001,,0.0,0.0,0.0,1.0,559.0,559.0,,,,559,559,163.95426191471816,75.8789995236124,faceoff,26.0,0,,,0
shot-on-goal,-30.0,-26.0,-30.71,-26.0,5v5,0,1,10:26,8478055.0,Gustav Forsling,13,13,16,FLA,CHI,right,2025020001,wrist,0.0,0.0,0.0,1.0,574.0,574.0,,,,574,574,64.47480127925948,113.7820304232214,giveaway,15.0,0,,,0
faceoff,-69.0,-22.0,-69.0,-22.0,5v5,0,1,10:23,,,13,13,16,FLA,CHI,right,2025020001,,0.0,0.0,0.0,1.0,577.0,577.0,,,,577,577,29.73213749463701,137.72631099390625,shot-on-goal,3.0,0,,,0
hit,-74.0,-39.0,-74.0,-39.0,5v5,0,1,10:20,,,16,13,16,FLA,CHI,right,2025020001,,0.0,0.0,0.0,1.0,580.0,580.0,,,,580,580,167.6007159889241,76.5441570210763,faceoff,3.0,0,,,0
goal,66.0,-1.0,66.0,-1.0,5v5,0,1,09:57,8483493.0,Frank Nazar,16,13,16,FLA,CHI,right,2025020001,snap,0.0,0.0,0.0,1.0,603.0,603.0,,,,603,603,23.021728866442675,87.51044707800085,hit,23.0,0,,,0
faceoff,0.0,0.0,0.0,0.0,5v5,0,1,09:57,,,13,13,16,FLA,CHI,right,2025020001,,-1.0,0.0,1.0,1.0,603.0,603.0,,,,603,603,89.0,90.0,goal,0.0,0,,,0
hit,86.0,34.0,86.0,34.0,5v5,0,1,09:35,,,16,13,16,FLA,CHI,right,2025020001,,-1.0,0.0,1.0,1.0,625.0,625.0,,,,625,625,34.132096331752024,174.9575489308291,faceoff,22.0,0,,,0
blocked-shot,-59.0,35.0,-59.86,35.0,5v5,0,1,09:31,8482713.0,Mackie Samoskevich,13,13,16,FLA,CHI,right,2025020001,,-1.0,0.0,1.0,1.0,629.0,629.0,,,,629,629,46.09772228646444,40.60129464500447,hit,4.0,0,,,1
hit,-78.0,-38.0,-78.0,-38.0,5v5,0,1,09:26,,,16,13,16,FLA,CHI,right,2025020001,,-1.0,0.0,1.0,1.0,634.0,634.0,,,,634,634,171.26879458909028,77.18090583475623,blocked-shot,5.0,0,,,0
missed-shot,-33.0,39.0,-34.14,39.0,5v5,0,1,09:22,8473507.0,Jeff Petry,13,13,16,FLA,CHI,right,2025020001,wrist,-1.0,0.0,1.0,1.0,638.0,638.0,,,,638,638,68.24221567329127,55.14554443389634,hit,4.0,0,,,0
blocked-shot,-73.0,-6.0,-73.0,-6.57,5v5,0,1,08:57,8478055.0,Gustav Forsling,13,13,16,FLA,CHI,right,2025020001,,-1.0,0.0,1.0,1.0,663.0,663.0,,,,663,663,17.08800749063506,110.55604521958348,missed-shot,25.0,0,,,0
goal,-79.0,1.0,-79.0,1.0,5v5,0,1,08:54,8478421.0,A.J. Greer,13,13,16,FLA,CHI,right,2025020001,wrist,-1.0,0.0,1.0,1.0,666.0,666.0,,,,666,666,10.04987562112089,84.28940686250037,blocked-shot,3.0,1,26.266638357083096,3.0,0
faceoff,0.0,0.0,0.0,0.0,5v5,0,1,08:54,,,13,13,16,FLA,CHI,right,2025020001,,0.0,1.0,1.0,1.0,666.0,666.0,,,,666,666,89.0,90.0,goal,0.0,0,,,0
missed-shot,84.0,-27.0,84.0,-27.0,5v5,0,1,08:22,8484144.0,Connor Bedard,16,13,16,FLA,CHI,right,2025020001,snap,0.0,1.0,1.0,1.0,698.0,698.0,,,,698,698,27.459060435491963,10.4914770123316,faceoff,32.0,0,,,0
missed-shot,47.0,4.0,49.0,4.29,5v5,0,1,08:13,8484144.0,Connor Bedard,16,13,16,FLA,CHI,right,2025020001,snap,0.0,1.0,1.0,1.0,707.0,707.0,,,,707,707,42.190046219457976,95.44033203100552,missed-shot,9.0,0,,,0
missed-shot,-50.0,-37.0,-51.86,-37.0,5v5,0,1,07:58,8478859.0,Niko Mikkola,13,13,16,FLA,CHI,right,2025020001,slap,0.0,1.0,1.0,1.0,722.0,722.0,,,,722,722,53.75872022286245,133.492564241225,missed-shot,15.0,0,,,0
hit,-94.0,24.0,-94.0,24.0,5v5,0,1,07:53,,,16,13,16,FLA,CHI,right,2025020001,,0.0,1.0,1.0,1.0,727.0,727.0,,,,727,727,184.5670609832643,97.47155917659238,missed-shot,5.0,0,,,0
missed-shot,-34.0,-12.0,-35.29,-13.0,5v5,0,1,07:40,8477495.0,Seth Jones,13,13,16,FLA,CHI,right,2025020001,slap,0.0,1.0,1.0,1.0,740.0,740.0,,,,740,740,56.29387178015028,102.30801581742791,hit,13.0,0,,,0
penalty,-71.0,38.0,-71.0,38.0,5v5,0,1,07:34,,,16,13,16,FLA,CHI,right,2025020001,,0.0,1.0,1.0,1.0,746.0,746.0,,,,746,746,164.4506004853737,103.36021844476448,missed-shot,6.0,0,,,0
faceoff,-69.0,-22.0,-69.0,-22.0,4v5,0,1,07:34,,,16,13,16,FLA,CHI,right,2025020001,,0.0,1.0,1.0,1.0,746.0,746.0,,,,746,746,159.52429282087414,82.0730733173104,penalty,0.0,0,,,0
hit,-66.0,37.0,-66.0,37.0,4v5,0,1,07:13,,,16,13,16,FLA,CHI,right,2025020001,,0.0,1.0,1.0,1.0,767.0,767.0,,,,767,767,159.3549497191725,103.42580924971467,faceoff,21.0,0,,,0
shot-on-goal,-79.0,8.0,-79.0,8.86,5v4,0,1,06:51,8473419.0,Brad Marchand,13,13,16,FLA,CHI,right,2025020001,backhand,0.0,1.0,1.0,1.0,789.0,789.0,,,,789,789,12.806248474865695,51.34019174590991,hit,22.0,0,,,0
faceoff,-69.0,22.0,-69.0,22.0,5v4,0,1,06:49,,,13,13,16,FLA,CHI,right,2025020001,,0.0,1.0,1.0,1.0,791.0,791.0,,,,791,791,29.73213749463701,42.27368900609374,shot-on-goal,2.0,0,,,0
shot-on-goal,-63.0,12.0,-63.29,13.0,5v4,0,1,06:38,8477933.0,Sam Reinhart,13,13,16,FLA,CHI,right,2025020001,wrist,0.0,1.0,1.0,1.0,802.0,802.0,,,,802,802,28.635642126552707,65.22485943116808,faceoff,11.0,0,,,0
blocked-shot,-71.0,-14.0,-71.0,-15.0,5v4,0,1,06:16,8477932.0,Aaron Ekblad,13,13,16,FLA,CHI,right,2025020001,,0.0,1.0,1.0,1.0,824.0,824.0,,,,824,824,22.80350850198276,127.87498365109822,shot-on-goal,22.0,0,,,0
blocked-shot,-80.0,15.0,-80.0,16.0,5v4,0,1,05:56,8482713.0,Mackie Samoskevich,13,13,16,FLA,CHI,right,2025020001,,0.0,1.0,1.0,1.0,844.0,844.0,,,,844,844,17.4928556845359,30.96375653207352,blocked-shot,20.0,0,,,0
goal,-84.0,10.0,-84.0,10.86,5v4,0,1,05:52,8477409.0,Carter Verhaeghe,13,13,16,FLA,CHI,right,2025020001,snap,0.0,1.0,1.0,1.0,848.0,848.0,,,,848,848,11.180339887498947,26.56505117707799,blocked-shot,4.0,1,4.398705354995531,4.0,0
faceoff,0.0,0.0,0.0,0.0,5v5,0,1,05:52,,,13,13,16,FLA,CHI,right,2025020001,,1.0,2.0,1.0,1.0,848.0,848.0,,,,848,848,89.0,90.0,goal,0.0,0,,,0
faceoff,69.0,-22.0,69.0,-22.0,5v5,0,1,05:44,,,13,13,16,FLA,CHI,right,2025020001,,1.0,2.0,1.0,1.0,856.0,856.0,,,,856,856,159.52429282087414,97.9269266826896,faceoff,8.0,0,,,0
giveaway,5.0,6.0,5.0,6.0,5v5,0,1,05:38,8483506.0,Sam Rinzel,16,13,16,FLA,CHI,right,2025020001,,1.0,2.0,1.0,1.0,862.0,862.0,,,,862,862,84.2140130857092,94.08561677997488,faceoff,6.0,0,,,0
faceoff,-69.0,-22.0,-69.0,-22.0,5v5,0,1,05:27,,,13,13,16,FLA,CHI,right,2025020001,,1.0,2.0,1.0,1.0,873.0,873.0,,,,873,873,29.73213749463701,137.72631099390625,giveaway,11.0,0,,,0
giveaway,-96.0,-22.0,-96.0,-22.0,5v5,0,1,05:24,8483506.0,Sam Rinzel,16,13,16,FLA,CHI,right,2025020001,,1.0,2.0,1.0,1.0,876.0,876.0,,,,876,876,186.30351580150065,83.21829646353144,faceoff,3.0,0,,,0
shot-on-goal,-82.0,-22.0,-82.0,-22.14,5v5,0,1,05:18,8482113.0,Anton Lundell,13,13,16,FLA,CHI,right,2025020001,wrist,1.0,2.0,1.0,1.0,882.0,882.0,,,,882,882,23.08679276123039,162.34987578006988,giveaway,6.0,0,,,0
hit,-10.0,38.0,-10.0,38.0,5v5,0,1,05:09,,,13,13,16,FLA,CHI,right,2025020001,,1.0,2.0,1.0,1.0,891.0,891.0,,,,891,891,87.66413177577246,64.31185656435265,shot-on-goal,9.0,0,,,0
hit,-28.0,39.0,-28.0,39.0,5v5,0,1,05:03,,,16,13,16,FLA,CHI,right,2025020001,,1.0,2.0,1.0,1.0,897.0,897.0,,,,897,897,123.3288287465668,108.43494882292202,hit,6.0,0,,,0
shot-on-goal,-30.0,-33.0,-30.71,-33.0,5v5,0,1,04:45,8478055.0,Gustav Forsling,13,13,16,FLA,CHI,right,2025020001,slap,1.0,2.0,1.0,1.0,915.0,915.0,,,,915,915,67.60177512462228,119.2192466904846,hit,18.0,0,,,0
faceoff,-69.0,-22.0,-69.0,-22.0,5v5,0,1,04:43,,,13,13,16,FLA,CHI,right,2025020001,,1.0,2.0,1.0,1.0,917.0,917.0,,,,917,917,29.73213749463701,137.72631099390625,shot-on-goal,2.0,0,,,0
blocked-shot,-82.0,5.0,-82.0,5.43,5v5,0,1,04:36,8477935.0,Sam Bennett,13,13,16,FLA,CHI,right,2025020001,,1.0,2.0,1.0,1.0,924.0,924.0,,,,924,924,8.602325267042627,54.46232220802562,faceoff,7.0,0,,,0
shot-on-goal,-81.0,1.0,-81.0,1.0,5v5,0,1,04:35,8477409.0,Carter Verhaeghe,13,13,16,FLA,CHI,right,2025020001,backhand,1.0,2.0,1.0,1.0,925.0,925.0,,,,925,925,8.06225774829855,82.8749836510982,blocked-shot,1.0,1,28.412661443072587,1.0,0
shot-on-goal,-84.0,7.0,-84.0,7.71,5v5,0,1,04:14,8477935.0,Sam Bennett,13,13,16,FLA,CHI,right,2025020001,backhand,1.0,2.0,1.0,1.0,946.0,946.0,,,,946,946,8.602325267042627,35.53767779197438,shot-on-goal,21.0,0,,,0
faceoff,-69.0,22.0,-69.0,22.0,5v5,0,1,04:13,,,13,13,16,FLA,CHI,right,2025020001,,1.0,2.0,1.0,1.0,947.0,947.0,,,,947,947,29.73213749463701,42.27368900609374,shot-on-goal,1.0,0,,,0
blocked-shot,-73.0,4.0,-73.0,4.29,5v5,0,1,04:10,8473507.0,Jeff Petry,13,13,16,FLA,CHI,right,2025020001,,1.0,2.0,1.0,1.0,950.0,950.0,,,,950,950,16.492422502470642,75.96375653207353,faceoff,3.0,1,40.42607874009915,4.0,0
faceoff,-69.0,22.0,-69.0,22.0,5v5,0,1,04:08,,,13,13,16,FLA,CHI,right,2025020001,,1.0,2.0,1.0,1.0,952.0,952.0,,,,952,952,29.73213749463701,42.27368900609374,blocked-shot,2.0,0,,,0
hit,-5.0,25.0,-5.0,25.0,5v5,0,1,03:17,,,13,13,16,FLA,CHI,right,2025020001,,1.0,2.0,1.0,1.0,1003.0,1003.0,,,,1003,1003,87.64131445842195,73.42599224309102,faceoff,51.0,0,,,0
penalty,6.0,7.0,6.0,7.0,5v5,0,1,03:10,,,16,13,16,FLA,CHI,right,2025020001,,1.0,2.0,1.0,1.0,1010.0,1010.0,,,,1010,1010,83.2946576918352,94.82076607809266,hit,7.0,0,,,0
penalty,6.0,7.0,6.0,7.0,5v5,0,1,03:10,,,13,13,16,FLA,CHI,right,2025020001,,1.0,2.0,1.0,1.0,1010.0,1010.0,,,,1010,1010,95.25754563287887,85.78582147726596,penalty,0.0,0,,,0
faceoff,0.0,0.0,0.0,0.0,5v5,0,1,03:10,,,13,13,16,FLA,CHI,right,2025020001,,1.0,2.0,1.0,1.0,1010.0,1010.0,,,,1010,1010,89.0,90.0,penalty,0.0,0,,,0
missed-shot,77.0,2.0,77.0,2.17,5v5,0,1,02:47,8477444.0,Andre Burakovsky,16,13,16,FLA,CHI,right,2025020001,snap,1.0,2.0,1.0,1.0,1033.0,1033.0,,,,1033,1033,12.16552506059644,99.46232220802564,faceoff,23.0,0,,,0
giveaway,94.0,-15.0,94.0,-15.0,5v5,0,1,01:58,8473419.0,Brad Marchand,13,13,16,FLA,CHI,right,2025020001,,1.0,2.0,1.0,1.0,1082.0,1082.0,,,,1082,1082,183.61372497719228,94.68589983950272,missed-shot,49.0,0,,,0
giveaway,31.0,28.0,31.0,28.0,5v5,0,1,01:53,8484783.0,Artyom Levshunov,16,13,16,FLA,CHI,right,2025020001,,1.0,2.0,1.0,1.0,1087.0,1087.0,,,,1087,1087,64.40496875241847,115.76932762433871,giveaway,5.0,0,,,0
hit,-42.0,18.0,-42.0,18.0,5v5,0,1,01:46,,,16,13,16,FLA,CHI,right,2025020001,,1.0,2.0,1.0,1.0,1094.0,1094.0,,,,1094,1094,132.23085872821065,97.82371073188528,giveaway,7.0,0,,,0
giveaway,-76.0,-35.0,-76.0,-35.0,5v5,0,1,01:23,8476473.0,Connor Murphy,16,13,16,FLA,CHI,right,2025020001,,1.0,2.0,1.0,1.0,1117.0,1117.0,,,,1117,1117,168.67127793433,78.02386755579664,hit,23.0,0,,,0
hit,-96.0,-7.0,-96.0,-7.0,5v5,0,1,01:16,,,13,13,16,FLA,CHI,right,2025020001,,1.0,2.0,1.0,1.0,1124.0,1124.0,,,,1124,1124,9.899494936611664,225.0,giveaway,7.0,0,,,0
hit,12.0,-29.0,12.0,-29.0,5v5,0,1,00:49,,,16,13,16,FLA,CHI,right,2025020001,,1.0,2.0,1.0,1.0,1151.0,1151.0,,,,1151,1151,82.28000972289685,69.36245301531218,hit,27.0,0,,,0
giveaway,24.0,-12.0,24.0,-12.0,5v5,0,1,00:48,8480185.0,Eetu Luostarinen,13,13,16,FLA,CHI,right,2025020001,,1.0,2.0,1.0,1.0,1152.0,1152.0,,,,1152,1152,113.63538181394031,96.06178878872863,hit,1.0,0,,,0
missed-shot,-60.0,11.0,-60.71,12.0,5v5,0,1,00:36,8482113.0,Anton Lundell,13,13,16,FLA,CHI,right,2025020001,wrist,1.0,2.0,1.0,1.0,1164.0,1164.0,,,,1164,1164,31.016124838541646,69.22774531795417,giveaway,12.0,0,,,0
shot-on-goal,-60.0,-20.0,-60.71,-20.43,5v5,0,1,00:31,8480185.0,Eetu Luostarinen,13,13,16,FLA,CHI,right,2025020001,snap,1.0,2.0,1.0,1.0,1169.0,1169.0,,,,1169,1169,35.22782990761707,124.59228868750996,missed-shot,5.0,1,55.364543369555776,5.0,0
giveaway,-16.0,30.0,-16.0,30.0,5v5,0,1,00:23,8480185.0,Eetu Luostarinen,13,13,16,FLA,CHI,right,2025020001,,1.0,2.0,1.0,1.0,1177.0,1177.0,,,,1177,1177,78.92401408950256,67.65935204000587,shot-on-goal,8.0,0,,,0
giveaway,-61.0,-29.0,-61.0,-29.0,5v5,0,1,00:20,8483506.0,Sam Rinzel,16,13,16,FLA,CHI,right,2025020001,,1.0,2.0,1.0,1.0,1180.0,1180.0,,,,1180,1180,152.7776161615307,79.05781459099063,giveaway,3.0,0,,,0
blocked-shot,-55.0,7.0,-56.29,7.71,5v5,0,1,00:17,8478055.0,Gustav Forsling,13,13,16,FLA,CHI,right,2025020001,,1.0,2.0,1.0,1.0,1183.0,1183.0,,,,1183,1183,34.713109915419565,78.36636600105956,giveaway,3.0,0,,,0
faceoff,0.0,0.0,0.0,0.0,5v5,0,2,20:00,,,13,13,16,FLA,CHI,left,2025020001,,1.0,2.0,1.0,2.0,0.0,1200.0,,,,0,1200,89.0,90.0,blocked-shot,17.0,0,,,0
hit,90.0,32.0,90.0,32.0,5v5,0,2,19:51,,,13,13,16,FLA,CHI,left,2025020001,,1.0,2.0,1.0,2.0,9.0,1209.0,,,,9,1209,32.01562118716424,181.7899106082461,faceoff,9.0,0,,,0
hit,77.0,39.0,77.0,39.0,5v5,0,2,19:39,,,13,13,16,FLA,CHI,left,2025020001,,1.0,2.0,1.0,2.0,21.0,1221.0,,,,21,1221,40.80441152620633,162.89727103094762,hit,12.0,0,,,0
blocked-shot,75.0,-10.0,75.0,-10.86,5v5,0,2,19:30,8477495.0,Seth Jones,13,13,16,FLA,CHI,left,2025020001,,1.0,2.0,1.0,2.0,30.0,1230.0,,,,30,1230,17.204650534085253,54.46232220802562,hit,9.0,0,,,0
shot-on-goal,-68.0,-10.0,-68.0,-10.86,5v5,0,2,19:10,8481624.0,Ilya Mikheyev,16,13,16,FLA,CHI,left,2025020001,wrist,1.0,2.0,1.0,2.0,50.0,1250.0,,,,50,1250,23.259406699226016,115.46334506187162,blocked-shot,20.0,0,,,0
goal,-63.0,-15.0,-63.29,-16.0,5v5,0,2,18:51,8476882.0,Teuvo Teravainen,16,13,16,FLA,CHI,left,2025020001,wrist,1.0,2.0,1.0,2.0,69.0,1269.0,,,,69,1269,30.01666203960727,119.98163936884934,shot-on-goal,19.0,0,,,0
faceoff,0.0,0.0,0.0,0.0,5v5,0,2,18:51,,,13,13,16,FLA,CHI,left,2025020001,,0.0,2.0,2.0,2.0,69.0,1269.0,,,,69,1269,89.0,90.0,goal,0.0,0,,,0
penalty,-2.0,-3.0,-2.0,-3.0,5v5,0,2,18:48,,,13,13,16,FLA,CHI,left,2025020001,,0.0,2.0,2.0,2.0,72.0,1272.0,,,,72,1272,91.0494371207203,88.11181199325907,faceoff,3.0,0,,,0
faceoff,-69.0,22.0,-69.0,22.0,4v5,0,2,18:48,,,13,13,16,FLA,CHI,left,2025020001,,0.0,2.0,2.0,2.0,72.0,1272.0,,,,72,1272,159.52429282087414,97.9269266826896,penalty,0.0,0,,,0
hit,-84.0,-37.0,-84.0,-37.0,4v5,0,2,18:16,,,13,13,16,FLA,CHI,left,2025020001,,0.0,2.0,2.0,2.0,104.0,1304.0,,,,104,1304,176.91240770505613,77.92786265316414,faceoff,32.0,0,,,0
faceoff,-20.0,22.0,-20.0,22.0,4v5,0,2,18:01,,,13,13,16,FLA,CHI,left,2025020001,,0.0,2.0,2.0,2.0,119.0,1319.0,,,,119,1319,111.19802156513396,101.4109831267654,hit,15.0,0,,,0
blocked-shot,-89.0,6.0,-89.0,6.57,5v4,0,2,17:36,8477987.0,Ryan Donato,16,13,16,FLA,CHI,left,2025020001,,0.0,2.0,2.0,2.0,144.0,1344.0,,,,144,1344,6.0,0.0,faceoff,25.0,0,,,0
blocked-shot,-79.0,0.0,-79.0,0.0,5v4,0,2,17:21,8484783.0,Artyom Levshunov,16,13,16,FLA,CHI,left,2025020001,,0.0,2.0,2.0,2.0,159.0,1359.0,,,,159,1359,10.0,90.0,blocked-shot,15.0,0,,,0
faceoff,-69.0,22.0,-69.0,22.0,5v4,0,2,17:17,,,16,13,16,FLA,CHI,left,2025020001,,0.0,2.0,2.0,2.0,163.0,1363.0,,,,163,1363,29.73213749463701,42.27368900609374,blocked-shot,4.0,0,,,0
hit,73.0,-41.0,73.0,-41.0,5v5,0,2,16:34,,,16,13,16,FLA,CHI,left,2025020001,,0.0,2.0,2.0,2.0,206.0,1406.0,,,,206,1406,167.10774967068403,104.20255876136368,faceoff,43.0,0,,,0
faceoff,69.0,-22.0,69.0,-22.0,5v5,0,2,16:24,,,16,13,16,FLA,CHI,left,2025020001,,0.0,2.0,2.0,2.0,216.0,1416.0,,,,216,1416,159.52429282087414,97.9269266826896,hit,10.0,0,,,0
hit,96.0,-25.0,96.0,-25.0,5v5,0,2,16:08,,,13,13,16,FLA,CHI,left,2025020001,,0.0,2.0,2.0,2.0,232.0,1432.0,,,,232,1432,25.96150997149434,344.3577535427913,faceoff,16.0,0,,,0
giveaway,-89.0,27.0,-89.0,27.0,5v5,0,2,15:45,8478859.0,Niko Mikkola,13,13,16,FLA,CHI,left,2025020001,,0.0,2.0,2.0,2.0,255.0,1455.0,,,,255,1455,180.0361074895811,98.62518317817047,hit,23.0,0,,,0
blocked-shot,-49.0,-19.0,-51.0,-19.57,5v5,0,2,15:37,8482176.0,Wyatt Kaiser,16,13,16,FLA,CHI,left,2025020001,,0.0,2.0,2.0,2.0,263.0,1463.0,,,,263,1463,44.28317965096906,115.40771810894849,giveaway,8.0,0,,,0
blocked-shot,-81.0,-5.0,-81.0,-5.43,5v5,0,2,15:28,8478043.0,Sam Lafferty,16,13,16,FLA,CHI,left,2025020001,,0.0,2.0,2.0,2.0,272.0,1472.0,,,,272,1472,9.433981132056603,122.0053832080835,blocked-shot,9.0,0,,,0
faceoff,20.0,22.0,20.0,22.0,5v5,0,2,15:19,,,13,13,16,FLA,CHI,left,2025020001,,0.0,2.0,2.0,2.0,281.0,1481.0,,,,281,1481,72.42237223399962,107.68439202655776,blocked-shot,9.0,0,,,0
shot-on-goal,82.0,-6.0,82.0,-6.57,5v5,0,2,15:02,8477409.0,Carter Verhaeghe,13,13,16,FLA,CHI,left,2025020001,backhand,0.0,2.0,2.0,2.0,298.0,1498.0,,,,298,1498,9.219544457292889,49.398705354995535,faceoff,17.0,0,,,0
faceoff,69.0,-22.0,69.0,-22.0,5v5,0,2,15:00,,,16,13,16,FLA,CHI,left,2025020001,,0.0,2.0,2.0,2.0,300.0,1500.0,,,,300,1500,159.52429282087414,97.9269266826896,shot-on-goal,2.0,0,,,0
hit,-37.0,-38.0,-37.0,-38.0,5v5,0,2,14:53,,,13,13,16,FLA,CHI,left,2025020001,,0.0,2.0,2.0,2.0,307.0,1507.0,,,,307,1507,131.60547101089682,73.2173558547293,faceoff,7.0,0,,,0
shot-on-goal,74.0,13.0,74.0,14.0,5v5,0,2,14:29,8477409.0,Carter Verhaeghe,13,13,16,FLA,CHI,left,2025020001,wrist,0.0,2.0,2.0,2.0,331.0,1531.0,,,,331,1531,19.849433241279208,130.91438322002512,hit,24.0,0,,,0
giveaway,-14.0,-28.0,-14.0,-28.0,5v5,0,2,14:11,8482113.0,Anton Lundell,13,13,16,FLA,CHI,left,2025020001,,0.0,2.0,2.0,2.0,349.0,1549.0,,,,349,1549,106.7379969832674,74.79196080936467,shot-on-goal,18.0,0,,,0
giveaway,19.0,-19.0,19.0,-19.0,5v5,0,2,14:09,8473422.0,Nick Foligno,16,13,16,FLA,CHI,left,2025020001,,0.0,2.0,2.0,2.0,351.0,1551.0,,,,351,1551,109.65856099730654,99.97771262015058,giveaway,2.0,0,,,0
shot-on-goal,-42.0,-39.0,-44.0,-39.0,5v5,0,2,13:35,8482176.0,Wyatt Kaiser,16,13,16,FLA,CHI,left,2025020001,wrist,0.0,2.0,2.0,2.0,385.0,1585.0,,,,385,1585,61.07372593840988,129.68545433005525,giveaway,34.0,0,,,0
shot-on-goal,-28.0,-13.0,-28.71,-14.0,5v5,0,2,13:22,8482176.0,Wyatt Kaiser,16,13,16,FLA,CHI,left,2025020001,snap,0.0,2.0,2.0,2.0,398.0,1598.0,,,,398,1598,62.369864518050704,102.03059609653786,shot-on-goal,13.0,0,,,0
faceoff,-69.0,-22.0,-69.0,-22.0,5v5,0,2,13:20,,,13,13,16,FLA,CHI,left,2025020001,,0.0,2.0,2.0,2.0,400.0,1600.0,,,,400,1600,159.52429282087414,82.0730733173104,shot-on-goal,2.0,0,,,0
shot-on-goal,55.0,-8.0,56.29,-8.86,5v5,0,2,13:11,8477932.0,Aaron Ekblad,13,13,16,FLA,CHI,left,2025020001,slap,0.0,2.0,2.0,2.0,409.0,1609.0,,,,409,1609,34.92849839314596,76.7594800848128,faceoff,9.0,0,,,0
giveaway,64.0,9.0,64.0,9.0,5v5,0,2,13:07,8480185.0,Eetu Luostarinen,13,13,16,FLA,CHI,left,2025020001,,0.0,2.0,2.0,2.0,413.0,1613.0,,,,413,1613,26.570660511172846,109.79887635452492,shot-on-goal,4.0,0,,,0
giveaway,77.0,37.0,77.0,37.0,5v5,0,2,12:50,8483506.0,Sam Rinzel,16,13,16,FLA,CHI,left,2025020001,,0.0,2.0,2.0,2.0,430.0,1630.0,,,,430,1630,170.07351351694948,77.4346516200927,giveaway,17.0,0,,,0
giveaway,53.0,-37.0,53.0,-37.0,5v5,0,2,12:40,8476891.0,Matt Grzelcyk,16,13,16,FLA,CHI,left,2025020001,,0.0,2.0,2.0,2.0,440.0,1640.0,,,,440,1640,146.74126890551273,104.60444744679012,giveaway,10.0,0,,,0
shot-on-goal,79.0,24.0,79.0,24.0,5v5,0,2,12:34,8477935.0,Sam Bennett,13,13,16,FLA,CHI,left,2025020001,wrist,0.0,2.0,2.0,2.0,446.0,1646.0,,,,446,1646,26.0,157.38013505195957,giveaway,6.0,0,,,0
shot-on-goal,42.0,35.0,44.0,35.0,5v5,0,2,12:13,8477935.0,Sam Bennett,13,13,16,FLA,CHI,left,2025020001,wrist,0.0,2.0,2.0,2.0,467.0,1667.0,,,,467,1667,58.60034129593445,126.67434966957316,shot-on-goal,21.0,0,,,0
faceoff,69.0,22.0,69.0,22.0,5v5,0,2,12:11,,,16,13,16,FLA,CHI,left,2025020001,,0.0,2.0,2.0,2.0,469.0,1669.0,,,,469,1669,159.52429282087414,82.0730733173104,shot-on-goal,2.0,0,,,0
shot-on-goal,-33.0,26.0,-34.14,26.0,5v5,0,2,11:56,8476473.0,Connor Murphy,16,13,16,FLA,CHI,left,2025020001,slap,0.0,2.0,2.0,2.0,484.0,1684.0,,,,484,1684,61.74139616173253,65.09523119190482,faceoff,15.0,0,,,0
faceoff,-69.0,22.0,-69.0,22.0,5v5,0,2,11:54,,,13,13,16,FLA,CHI,left,2025020001,,0.0,2.0,2.0,2.0,486.0,1686.0,,,,486,1686,159.52429282087414,97.9269266826896,shot-on-goal,2.0,0,,,0
takeaway,-84.0,34.0,-84.0,34.0,5v5,0,2,11:50,8477479.0,Tyler Bertuzzi,16,13,16,FLA,CHI,left,2025020001,,0.0,2.0,2.0,2.0,490.0,1690.0,,,,490,1690,34.36568055487916,8.36588612403259,faceoff,4.0,0,,,0
shot-on-goal,-69.0,-23.0,-69.0,-23.0,5v5,0,2,11:45,8476891.0,Matt Grzelcyk,16,13,16,FLA,CHI,left,2025020001,snap,0.0,2.0,2.0,2.0,495.0,1695.0,,,,495,1695,30.479501308256346,138.9909130984298,takeaway,5.0,0,,,0
penalty,-74.0,19.0,-74.0,19.0,5v5,0,2,11:43,,,13,13,16,FLA,CHI,left,2025020001,,0.0,2.0,2.0,2.0,497.0,1697.0,,,,497,1697,164.10362579784763,96.64864518326893,shot-on-goal,2.0,0,,,0
faceoff,-69.0,22.0,-69.0,22.0,4v5,0,2,11:43,,,13,13,16,FLA,CHI,left,2025020001,,0.0,2.0,2.0,2.0,497.0,1697.0,,,,497,1697,159.52429282087414,97.9269266826896,penalty,0.0,0,,,0
hit,-87.0,-34.0,-87.0,-34.0,5v4,0,2,11:37,,,16,13,16,FLA,CHI,left,2025020001,,0.0,2.0,2.0,2.0,503.0,1703.0,,,,503,1703,34.058772731852805,176.63353933657018,faceoff,6.0,0,,,0
giveaway,-27.0,-13.0,-27.0,-13.0,5v4,0,2,11:20,8476882.0,Teuvo Teravainen,16,13,16,FLA,CHI,left,2025020001,,0.0,2.0,2.0,2.0,520.0,1720.0,,,,520,1720,63.34824385884742,101.84207611532776,hit,17.0,0,,,0
shot-on-goal,81.0,0.0,81.0,0.0,4v5,0,2,11:00,8479316.0,Luke Kunin,13,13,16,FLA,CHI,left,2025020001,wrist,0.0,2.0,2.0,2.0,540.0,1740.0,,,,540,1740,8.0,90.0,giveaway,20.0,0,,,0
shot-on-goal,-60.0,-30.0,-60.71,-30.0,5v4,0,2,10:34,8484144.0,Connor Bedard,16,13,16,FLA,CHI,left,2025020001,slap,0.0,2.0,2.0,2.0,566.0,1766.0,,,,566,1766,41.72529209005013,135.97102193107918,shot-on-goal,26.0,0,,,0
giveaway,-42.0,-25.0,-42.0,-25.0,5v4,0,2,09:45,8484783.0,Artyom Levshunov,16,13,16,FLA,CHI,left,2025020001,,0.0,2.0,2.0,2.0,615.0,1815.0,,,,615,1815,53.23532661682466,118.00917670801384,shot-on-goal,49.0,0,,,0
hit,92.0,-28.0,92.0,-28.0,5v5,0,2,08:33,,,16,13,16,FLA,CHI,left,2025020001,,0.0,2.0,2.0,2.0,687.0,1887.0,,,,687,1887,183.1529415543196,98.79373035416924,giveaway,72.0,0,,,0
shot-on-goal,35.0,-31.0,36.43,-31.0,5v5,0,2,08:31,8477495.0,Seth Jones,13,13,16,FLA,CHI,left,2025020001,slap,0.0,2.0,2.0,2.0,689.0,1889.0,,,,689,1889,62.26556030423239,60.1409838350769,hit,2.0,0,,,0
faceoff,69.0,-22.0,69.0,-22.0,5v5,0,2,08:29,,,16,13,16,FLA,CHI,left,2025020001,,0.0,2.0,2.0,2.0,691.0,1891.0,,,,691,1891,159.52429282087414,97.9269266826896,shot-on-goal,2.0,0,,,0
blocked-shot,60.0,-8.0,60.71,-8.86,5v5,0,2,08:13,8478859.0,Niko Mikkola,13,13,16,FLA,CHI,left,2025020001,,0.0,2.0,2.0,2.0,707.0,1907.0,,,,707,1907,30.083217912982647,74.57783868126133,faceoff,16.0,0,,,0
hit,99.0,-14.0,99.0,-14.0,5v5,0,2,08:00,,,13,13,16,FLA,CHI,left,2025020001,,0.0,2.0,2.0,2.0,720.0,1920.0,,,,720,1920,17.204650534085253,324.4623222080256,blocked-shot,13.0,0,,,0
blocked-shot,-38.0,-17.0,-39.86,-17.86,5v5,0,2,07:49,8483493.0,Frank Nazar,16,13,16,FLA,CHI,left,2025020001,,0.0,2.0,2.0,2.0,731.0,1931.0,,,,731,1931,53.75872022286245,108.43494882292202,hit,11.0,0,,,0
blocked-shot,-78.0,7.0,-78.0,7.71,5v5,0,2,07:37,8483506.0,Sam Rinzel,16,13,16,FLA,CHI,left,2025020001,,0.0,2.0,2.0,2.0,743.0,1943.0,,,,743,1943,13.038404810405298,57.52880770915151,blocked-shot,12.0,0,,,0
giveaway,-52.0,-35.0,-52.0,-35.0,5v5,0,2,07:30,8477933.0,Sam Reinhart,13,13,16,FLA,CHI,left,2025020001,,0.0,2.0,2.0,2.0,750.0,1950.0,,,,750,1950,145.27904184706065,76.05940882971,blocked-shot,7.0,0,,,0
blocked-shot,-61.0,-25.0,-61.57,-25.0,5v5,0,2,07:20,8477987.0,Ryan Donato,16,13,16,FLA,CHI,left,2025020001,,0.0,2.0,2.0,2.0,760.0,1960.0,,,,760,1960,37.53664875824692,131.76029970389789,giveaway,10.0,0,,,0
missed-shot,-41.0,-29.0,-43.0,-29.0,5v5,0,2,07:08,8477987.0,Ryan Donato,16,13,16,FLA,CHI,left,2025020001,slap,0.0,2.0,2.0,2.0,772.0,1972.0,,,,772,1972,56.08029957123981,121.13897243697885,blocked-shot,12.0,0,,,0
hit,-48.0,27.0,-48.0,27.0,5v5,0,2,06:58,,,16,13,16,FLA,CHI,left,2025020001,,0.0,2.0,2.0,2.0,782.0,1982.0,,,,782,1982,49.09175083453431,56.63363399894044,missed-shot,10.0,0,,,0
giveaway,-82.0,-16.0,-82.0,-16.0,5v5,0,2,06:34,8477495.0,Seth Jones,13,13,16,FLA,CHI,left,2025020001,,0.0,2.0,2.0,2.0,806.0,2006.0,,,,806,2006,171.74690681348528,84.65455462723291,hit,24.0,0,,,0
hit,0.0,-41.0,0.0,-41.0,5v5,0,2,06:33,,,13,13,16,FLA,CHI,left,2025020001,,0.0,2.0,2.0,2.0,807.0,2007.0,,,,807,2007,97.9897953870708,65.26569747094752,giveaway,1.0,0,,,0
blocked-shot,-56.0,1.0,-57.14,1.0,5v5,0,2,06:14,8483450.0,Ryan Greene,16,13,16,FLA,CHI,left,2025020001,,0.0,2.0,2.0,2.0,826.0,2026.0,,,,826,2026,33.015148038438355,88.26429541107161,hit,19.0,0,,,0
hit,36.0,38.0,36.0,38.0,5v5,0,2,05:58,,,16,13,16,FLA,CHI,left,2025020001,,0.0,2.0,2.0,2.0,842.0,2042.0,,,,842,2042,130.64838307457157,73.09072818945921,blocked-shot,16.0,0,,,0
hit,98.0,14.0,98.0,14.0,5v5,0,2,05:54,,,13,13,16,FLA,CHI,left,2025020001,,0.0,2.0,2.0,2.0,846.0,2046.0,,,,846,2046,16.64331697709324,212.7352262721076,hit,4.0,0,,,0
hit,90.0,34.0,90.0,34.0,5v5,0,2,05:53,,,13,13,16,FLA,CHI,left,2025020001,,0.0,2.0,2.0,2.0,847.0,2047.0,,,,847,2047,34.0147027033899,181.68468431789628,hit,1.0,0,,,0
hit,93.0,30.0,93.0,30.0,5v5,0,2,05:50,,,13,13,16,FLA,CHI,left,2025020001,,0.0,2.0,2.0,2.0,850.0,2050.0,,,,850,2050,30.26549190084312,187.59464336859145,hit,3.0,0,,,0
faceoff,0.0,0.0,0.0,0.0,5v5,0,2,05:10,,,16,13,16,FLA,CHI,left,2025020001,,0.0,2.0,2.0,2.0,890.0,2090.0,,,,890,2090,89.0,90.0,hit,40.0,0,,,0
shot-on-goal,-83.0,-3.0,-83.0,-3.29,5v5,0,2,04:55,8477479.0,Tyler Bertuzzi,16,13,16,FLA,CHI,left,2025020001,tip-in,0.0,2.0,2.0,2.0,905.0,2105.0,,,,905,2105,6.708203932499369,116.565051177078,faceoff,15.0,0,,,0
faceoff,-69.0,-22.0,-69.0,-22.0,5v5,0,2,04:53,,,13,13,16,FLA,CHI,left,2025020001,,0.0,2.0,2.0,2.0,907.0,2107.0,,,,907,2107,159.52429282087414,82.0730733173104,shot-on-goal,2.0,0,,,0
hit,29.0,38.0,29.0,38.0,5v5,0,2,03:53,,,13,13,16,FLA,CHI,left,2025020001,,0.0,2.0,2.0,2.0,967.0,2167.0,,,,967,2167,71.02112361825881,122.34744349944204,faceoff,60.0,0,,,0
shot-on-goal,84.0,0.0,84.0,0.0,5v5,0,2,03:42,8477409.0,Carter Verhaeghe,13,13,16,FLA,CHI,left,2025020001,wrist,0.0,2.0,2.0,2.0,978.0,2178.0,,,,978,2178,5.0,90.0,hit,11.0,0,,,0
giveaway,-70.0,39.0,-70.0,39.0,5v5,0,2,03:30,8484144.0,Connor Bedard,16,13,16,FLA,CHI,left,2025020001,,0.0,2.0,2.0,2.0,990.0,2190.0,,,,990,2190,43.382023926967726,25.97439396243132,shot-on-goal,12.0,0,,,0
blocked-shot,82.0,14.0,82.0,15.0,5v5,0,2,03:23,8477935.0,Sam Bennett,13,13,16,FLA,CHI,left,2025020001,,0.0,2.0,2.0,2.0,997.0,2197.0,,,,997,2197,15.652475842498529,153.434948822922,giveaway,7.0,0,,,0
shot-on-goal,-77.0,-7.0,-77.0,-7.71,5v5,0,2,03:14,8484144.0,Connor Bedard,16,13,16,FLA,CHI,left,2025020001,snap,0.0,2.0,2.0,2.0,1006.0,2206.0,,,,1006,2206,13.892443989449804,120.25643716352928,blocked-shot,9.0,0,,,0
missed-shot,35.0,-39.0,36.43,-39.0,5v5,0,2,02:53,8478542.0,Evan Rodrigues,13,13,16,FLA,CHI,left,2025020001,wrist,0.0,2.0,2.0,2.0,1027.0,2227.0,,,,1027,2227,66.61080993352356,54.16234704572171,shot-on-goal,21.0,0,,,0
hit,-96.0,3.0,-96.0,3.0,5v5,0,2,02:35,,,16,13,16,FLA,CHI,left,2025020001,,0.0,2.0,2.0,2.0,1045.0,2245.0,,,,1045,2245,7.615773105863909,293.1985905136482,missed-shot,18.0,0,,,0
shot-on-goal,84.0,-28.0,84.0,-28.0,5v5,0,2,02:28,8473507.0,Jeff Petry,13,13,16,FLA,CHI,left,2025020001,wrist,0.0,2.0,2.0,2.0,1052.0,2252.0,,,,1052,2252,28.442925306655784,10.124671655397815,hit,7.0,0,,,0
faceoff,69.0,-22.0,69.0,-22.0,5v5,0,2,02:26,,,13,13,16,FLA,CHI,left,2025020001,,0.0,2.0,2.0,2.0,1054.0,2254.0,,,,1054,2254,29.73213749463701,42.27368900609374,shot-on-goal,2.0,0,,,0
hit,95.0,-11.0,95.0,-11.0,5v5,0,2,02:15,,,16,13,16,FLA,CHI,left,2025020001,,0.0,2.0,2.0,2.0,1065.0,2265.0,,,,1065,2265,184.32851108821987,93.42121927642933,faceoff,11.0,0,,,0
giveaway,97.0,-11.0,97.0,-11.0,5v5,0,2,02:12,8484783.0,Artyom Levshunov,16,13,16,FLA,CHI,left,2025020001,,0.0,2.0,2.0,2.0,1068.0,2268.0,,,,1068,2268,186.3249849054066,93.38451795230976,hit,3.0,0,,,0
faceoff,20.0,22.0,20.0,22.0,5v5,0,2,02:07,,,13,13,16,FLA,CHI,left,2025020001,,0.0,2.0,2.0,2.0,1073.0,2273.0,,,,1073,2273,72.42237223399962,107.68439202655776,giveaway,5.0,0,,,0
shot-on-goal,-65.0,14.0,-65.0,15.0,5v5,0,2,00:53,8482703.0,Colton Dach,16,13,16,FLA,CHI,left,2025020001,snap,0.0,2.0,2.0,2.0,1147.0,2347.0,,,,1147,2347,27.784887978899608,59.74356283647074,faceoff,74.0,0,,,0
missed-shot,77.0,33.0,77.0,33.0,5v5,0,2,00:27,8478542.0,Evan Rodrigues,13,13,16,FLA,CHI,left,2025020001,wrist,0.0,2.0,2.0,2.0,1173.0,2373.0,,,,1173,2373,35.11409973215888,160.01689347810003,shot-on-goal,26.0,0,,,0
faceoff,69.0,22.0,69.0,22.0,5v5,0,2,00:25,,,13,13,16,FLA,CHI,left,2025020001,,0.0,2.0,2.0,2.0,1175.0,2375.0,,,,1175,2375,29.73213749463701,137.72631099390625,missed-shot,2.0,0,,,0
shot-on-goal,3.0,-37.0,3.71,-37.0,5v5,0,2,00:03,8476891.0,Matt Grzelcyk,16,13,16,FLA,CHI,left,2025020001,wrist,0.0,2.0,2.0,2.0,1197.0,2397.0,,,,1197,2397,99.16148445843277,111.90870482818192,faceoff,22.0,0,,,0
hit,-96.0,17.0,-96.0,17.0,5v5,0,2,00:01,,,16,13,16,FLA,CHI,left,2025020001,,0.0,2.0,2.0,2.0,1199.0,2399.0,,,,1199,2399,18.384776310850235,337.6198649480404,shot-on-goal,2.0,0,,,0
faceoff,0.0,0.0,0.0,0.0,5v5,0,3,20:00,,,13,13,16,FLA,CHI,right,2025020001,,0.0,2.0,2.0,3.0,0.0,2400.0,,,,0,2400,89.0,90.0,hit,1.0,0,,,0
hit,-97.0,-17.0,-97.0,-17.0,5v5,0,3,19:49,,,13,13,16,FLA,CHI,right,2025020001,,0.0,2.0,2.0,3.0,11.0,2411.0,,,,11,2411,18.788294228055936,205.20112364547504,faceoff,11.0,0,,,0
hit,-7.0,38.0,-7.0,38.0,5v5,0,3,19:46,,,13,13,16,FLA,CHI,right,2025020001,,0.0,2.0,2.0,3.0,14.0,2414.0,,,,14,2414,90.37698822156004,65.13630342824813,hit,3.0,0,,,0
hit,98.0,12.0,98.0,12.0,5v5,0,3,19:42,,,16,13,16,FLA,CHI,right,2025020001,,0.0,2.0,2.0,3.0,18.0,2418.0,,,,18,2418,15.0,216.869897645844,hit,4.0,0,,,0
missed-shot,78.0,19.0,78.0,19.57,5v5,0,3,19:34,8477450.0,Jason Dickinson,16,13,16,FLA,CHI,right,2025020001,snap,0.0,2.0,2.0,3.0,26.0,2426.0,,,,26,2426,21.95449840010015,149.93141717813756,hit,8.0,0,,,0
